{
  "experiment_name": "exp_118_bilstm_relu_sgd_50_True",
  "config": {
    "embedding_dim": 100,
    "hidden_dim": 64,
    "num_layers": 2,
    "dropout": 0.3,
    "batch_size": 32,
    "epochs": 20,
    "learning_rate": 0.001,
    "patience": 5,
    "min_delta": 0.001,
    "clip_value": 1.0,
    "experiment_name": "exp_118_bilstm_relu_sgd_50_True",
    "architecture": "bilstm",
    "activation": "relu",
    "optimizer": "sgd",
    "sequence_length": 50,
    "gradient_clipping": true
  },
  "test_metrics": {
    "accuracy": 0.5086,
    "f1_score": 0.41453113311264195,
    "f1_weighted": 0.41485029701586223,
    "precision": 0.5223855843576527,
    "recall": 0.5086,
    "roc_auc": 0.5234495729723302,
    "loss": 0.6931085008032182,
    "avg_inference_time": 0.0003258474647541485,
    "total_inference_time": 0.25481271743774414,
    "num_samples": 25000,
    "num_batches": 782,
    "confusion_matrix": [
      [
        11368,
        1149
      ],
      [
        11136,
        1347
      ]
    ],
    "classification_report": {
      "Negative": {
        "precision": 0.5051546391752577,
        "recall": 0.9082048414156747,
        "f1-score": 0.6492104737157706,
        "support": 12517.0
      },
      "Positive": {
        "precision": 0.5396634615384616,
        "recall": 0.10790675318433068,
        "f1-score": 0.17985179250951333,
        "support": 12483.0
      },
      "accuracy": 0.5086,
      "macro avg": {
        "precision": 0.5224090503568597,
        "recall": 0.5080557973000027,
        "f1-score": 0.41453113311264195,
        "support": 25000.0
      },
      "weighted avg": {
        "precision": 0.5223855843576527,
        "recall": 0.5086,
        "f1-score": 0.41485029701586223,
        "support": 25000.0
      }
    },
    "true_positives": 1347,
    "true_negatives": 11368,
    "false_positives": 1149,
    "false_negatives": 11136,
    "positive_samples": 12483,
    "negative_samples": 12517,
    "predicted_positive": 2496,
    "predicted_negative": 22504
  },
  "avg_epoch_time": 2.1774928967158,
  "total_training_time": 17.758803844451904,
  "model_path": "../results/exp_118_bilstm_relu_sgd_50_True_model.pth"
}