{
  "experiment_name": "exp_075_lstm_sigmoid_adam_50_False",
  "config": {
    "embedding_dim": 100,
    "hidden_dim": 64,
    "num_layers": 2,
    "dropout": 0.3,
    "batch_size": 32,
    "epochs": 20,
    "learning_rate": 0.001,
    "patience": 5,
    "min_delta": 0.001,
    "clip_value": 1.0,
    "experiment_name": "exp_075_lstm_sigmoid_adam_50_False",
    "architecture": "lstm",
    "activation": "sigmoid",
    "optimizer": "adam",
    "sequence_length": 50,
    "gradient_clipping": false
  },
  "test_metrics": {
    "accuracy": 0.759,
    "f1_score": 0.7588936721094002,
    "f1_weighted": 0.7589005581061248,
    "precision": 0.7593873812554003,
    "recall": 0.759,
    "roc_auc": 0.836873163880604,
    "loss": 0.6033232452924294,
    "avg_inference_time": 0.0002841443356955448,
    "total_inference_time": 0.22220087051391602,
    "num_samples": 25000,
    "num_batches": 782,
    "confusion_matrix": [
      [
        9750,
        2767
      ],
      [
        3258,
        9225
      ]
    ],
    "classification_report": {
      "Negative": {
        "precision": 0.7495387453874539,
        "recall": 0.7789406407286091,
        "f1-score": 0.7639569049951028,
        "support": 12517.0
      },
      "Positive": {
        "precision": 0.7692628418945964,
        "recall": 0.7390050468637347,
        "f1-score": 0.7538304392236976,
        "support": 12483.0
      },
      "accuracy": 0.759,
      "macro avg": {
        "precision": 0.7594007936410252,
        "recall": 0.7589728437961719,
        "f1-score": 0.7588936721094002,
        "support": 25000.0
      },
      "weighted avg": {
        "precision": 0.7593873812554003,
        "recall": 0.759,
        "f1-score": 0.7589005581061248,
        "support": 25000.0
      }
    },
    "true_positives": 9225,
    "true_negatives": 9750,
    "false_positives": 2767,
    "false_negatives": 3258,
    "positive_samples": 12483,
    "negative_samples": 12517,
    "predicted_positive": 11992,
    "predicted_negative": 13008
  },
  "avg_epoch_time": 1.835263066821628,
  "total_training_time": 22.731940269470215,
  "model_path": "../results/exp_075_lstm_sigmoid_adam_50_False_model.pth"
}