{
  "experiment_name": "exp_058_lstm_relu_adam_50_True",
  "config": {
    "embedding_dim": 100,
    "hidden_dim": 64,
    "num_layers": 2,
    "dropout": 0.3,
    "batch_size": 32,
    "epochs": 20,
    "learning_rate": 0.001,
    "patience": 5,
    "min_delta": 0.001,
    "clip_value": 1.0,
    "experiment_name": "exp_058_lstm_relu_adam_50_True",
    "architecture": "lstm",
    "activation": "relu",
    "optimizer": "adam",
    "sequence_length": 50,
    "gradient_clipping": true
  },
  "test_metrics": {
    "accuracy": 0.75528,
    "f1_score": 0.7552799749406695,
    "f1_weighted": 0.7552800814428244,
    "precision": 0.7552817967082595,
    "recall": 0.75528,
    "roc_auc": 0.825643671110534,
    "loss": 0.6733453388580734,
    "avg_inference_time": 0.0002953094594618853,
    "total_inference_time": 0.23093199729919434,
    "num_samples": 25000,
    "num_batches": 782,
    "confusion_matrix": [
      [
        9445,
        3072
      ],
      [
        3046,
        9437
      ]
    ],
    "classification_report": {
      "Negative": {
        "precision": 0.7561444239852694,
        "recall": 0.7545737796596629,
        "f1-score": 0.7553582853486884,
        "support": 12517.0
      },
      "Positive": {
        "precision": 0.7544168198896795,
        "recall": 0.7559881438756709,
        "f1-score": 0.7552016645326505,
        "support": 12483.0
      },
      "accuracy": 0.75528,
      "macro avg": {
        "precision": 0.7552806219374744,
        "recall": 0.7552809617676669,
        "f1-score": 0.7552799749406695,
        "support": 25000.0
      },
      "weighted avg": {
        "precision": 0.7552817967082595,
        "recall": 0.75528,
        "f1-score": 0.7552800814428244,
        "support": 25000.0
      }
    },
    "true_positives": 9437,
    "true_negatives": 9445,
    "false_positives": 3072,
    "false_negatives": 3046,
    "positive_samples": 12483,
    "negative_samples": 12517,
    "predicted_positive": 12509,
    "predicted_negative": 12491
  },
  "avg_epoch_time": 1.979677779333932,
  "total_training_time": 18.700828790664673,
  "model_path": "../results/exp_058_lstm_relu_adam_50_True_model.pth"
}