{
  "experiment_name": "exp_021_rnn_sigmoid_adam_50_False",
  "config": {
    "embedding_dim": 100,
    "hidden_dim": 64,
    "num_layers": 2,
    "dropout": 0.3,
    "batch_size": 32,
    "epochs": 20,
    "learning_rate": 0.001,
    "patience": 5,
    "min_delta": 0.001,
    "clip_value": 1.0,
    "experiment_name": "exp_021_rnn_sigmoid_adam_50_False",
    "architecture": "rnn",
    "activation": "sigmoid",
    "optimizer": "adam",
    "sequence_length": 50,
    "gradient_clipping": false
  },
  "test_metrics": {
    "accuracy": 0.753,
    "f1_score": 0.7522872686427875,
    "f1_weighted": 0.7523053393856253,
    "precision": 0.7557618584031754,
    "recall": 0.753,
    "roc_auc": 0.8303022045269574,
    "loss": 0.6288047543610148,
    "avg_inference_time": 0.0002845345860551995,
    "total_inference_time": 0.22250604629516602,
    "num_samples": 25000,
    "num_batches": 782,
    "confusion_matrix": [
      [
        10083,
        2434
      ],
      [
        3741,
        8742
      ]
    ],
    "classification_report": {
      "Negative": {
        "precision": 0.7293836805555556,
        "recall": 0.8055444595350324,
        "f1-score": 0.7655745795527884,
        "support": 12517.0
      },
      "Positive": {
        "precision": 0.7822118826055834,
        "recall": 0.700312424897861,
        "f1-score": 0.7389999577327867,
        "support": 12483.0
      },
      "accuracy": 0.753,
      "macro avg": {
        "precision": 0.7557977815805694,
        "recall": 0.7529284422164467,
        "f1-score": 0.7522872686427875,
        "support": 25000.0
      },
      "weighted avg": {
        "precision": 0.7557618584031754,
        "recall": 0.753,
        "f1-score": 0.7523053393856253,
        "support": 25000.0
      }
    },
    "true_positives": 8742,
    "true_negatives": 10083,
    "false_positives": 2434,
    "false_negatives": 3741,
    "positive_samples": 12483,
    "negative_samples": 12517,
    "predicted_positive": 11176,
    "predicted_negative": 13824
  },
  "avg_epoch_time": 1.8208102096210828,
  "total_training_time": 27.598163843154907,
  "model_path": "../results/exp_021_rnn_sigmoid_adam_50_False_model.pth"
}