{
  "experiment_name": "exp_087_lstm_sigmoid_rmsprop_50_False",
  "config": {
    "embedding_dim": 100,
    "hidden_dim": 64,
    "num_layers": 2,
    "dropout": 0.3,
    "batch_size": 32,
    "epochs": 20,
    "learning_rate": 0.001,
    "patience": 5,
    "min_delta": 0.001,
    "clip_value": 1.0,
    "experiment_name": "exp_087_lstm_sigmoid_rmsprop_50_False",
    "architecture": "lstm",
    "activation": "sigmoid",
    "optimizer": "rmsprop",
    "sequence_length": 50,
    "gradient_clipping": false
  },
  "test_metrics": {
    "accuracy": 0.75536,
    "f1_score": 0.7552055311651249,
    "f1_weighted": 0.7551971682027271,
    "precision": 0.7560958033856224,
    "recall": 0.75536,
    "roc_auc": 0.8358705604261886,
    "loss": 0.5626669793444521,
    "avg_inference_time": 0.00028235833053393743,
    "total_inference_time": 0.22080421447753906,
    "num_samples": 25000,
    "num_batches": 782,
    "confusion_matrix": [
      [
        9128,
        3389
      ],
      [
        2727,
        9756
      ]
    ],
    "classification_report": {
      "Negative": {
        "precision": 0.7699704765921552,
        "recall": 0.7292482224175122,
        "f1-score": 0.7490562941079928,
        "support": 12517.0
      },
      "Positive": {
        "precision": 0.7421833396728794,
        "recall": 0.7815428983417447,
        "f1-score": 0.7613547682222569,
        "support": 12483.0
      },
      "accuracy": 0.75536,
      "macro avg": {
        "precision": 0.7560769081325174,
        "recall": 0.7553955603796285,
        "f1-score": 0.7552055311651249,
        "support": 25000.0
      },
      "weighted avg": {
        "precision": 0.7560958033856224,
        "recall": 0.75536,
        "f1-score": 0.7551971682027271,
        "support": 25000.0
      }
    },
    "true_positives": 9756,
    "true_negatives": 9128,
    "false_positives": 3389,
    "false_negatives": 2727,
    "positive_samples": 12483,
    "negative_samples": 12517,
    "predicted_positive": 13145,
    "predicted_negative": 11855
  },
  "avg_epoch_time": 1.799813075499101,
  "total_training_time": 27.394399166107178,
  "model_path": "../results/exp_087_lstm_sigmoid_rmsprop_50_False_model.pth"
}