{
  "experiment_name": "exp_131_bilstm_sigmoid_adam_100_False",
  "config": {
    "embedding_dim": 100,
    "hidden_dim": 64,
    "num_layers": 2,
    "dropout": 0.3,
    "batch_size": 32,
    "epochs": 20,
    "learning_rate": 0.001,
    "patience": 5,
    "min_delta": 0.001,
    "clip_value": 1.0,
    "experiment_name": "exp_131_bilstm_sigmoid_adam_100_False",
    "architecture": "bilstm",
    "activation": "sigmoid",
    "optimizer": "adam",
    "sequence_length": 100,
    "gradient_clipping": false
  },
  "test_metrics": {
    "accuracy": 0.8226,
    "f1_score": 0.8222738252652898,
    "f1_weighted": 0.8222634705118069,
    "precision": 0.8251617122270625,
    "recall": 0.8226,
    "roc_auc": 0.9005672400891672,
    "loss": 0.4568983339383017,
    "avg_inference_time": 0.00033219604540968793,
    "total_inference_time": 0.259777307510376,
    "num_samples": 25000,
    "num_batches": 782,
    "confusion_matrix": [
      [
        9747,
        2770
      ],
      [
        1665,
        10818
      ]
    ],
    "classification_report": {
      "Negative": {
        "precision": 0.8541009463722398,
        "recall": 0.778700966685308,
        "f1-score": 0.8146600359396549,
        "support": 12517.0
      },
      "Positive": {
        "precision": 0.7961436561672064,
        "recall": 0.8666186012977649,
        "f1-score": 0.8298876145909247,
        "support": 12483.0
      },
      "accuracy": 0.8226,
      "macro avg": {
        "precision": 0.8251223012697231,
        "recall": 0.8226597839915364,
        "f1-score": 0.8222738252652898,
        "support": 25000.0
      },
      "weighted avg": {
        "precision": 0.8251617122270625,
        "recall": 0.8226,
        "f1-score": 0.8222634705118069,
        "support": 25000.0
      }
    },
    "true_positives": 10818,
    "true_negatives": 9747,
    "false_positives": 2770,
    "false_negatives": 1665,
    "positive_samples": 12483,
    "negative_samples": 12517,
    "predicted_positive": 13588,
    "predicted_negative": 11412
  },
  "avg_epoch_time": 2.4766289234161376,
  "total_training_time": 33.170517444610596,
  "model_path": "../results/exp_131_bilstm_sigmoid_adam_100_False_model.pth"
}