{
  "experiment_name": "exp_124_bilstm_relu_rmsprop_50_True",
  "config": {
    "embedding_dim": 100,
    "hidden_dim": 64,
    "num_layers": 2,
    "dropout": 0.3,
    "batch_size": 32,
    "epochs": 20,
    "learning_rate": 0.001,
    "patience": 5,
    "min_delta": 0.001,
    "clip_value": 1.0,
    "experiment_name": "exp_124_bilstm_relu_rmsprop_50_True",
    "architecture": "bilstm",
    "activation": "relu",
    "optimizer": "rmsprop",
    "sequence_length": 50,
    "gradient_clipping": true
  },
  "test_metrics": {
    "accuracy": 0.75236,
    "f1_score": 0.752021984539627,
    "f1_weighted": 0.7520344358133568,
    "precision": 0.7536191126350008,
    "recall": 0.75236,
    "roc_auc": 0.8237830116690584,
    "loss": 0.660233951900202,
    "avg_inference_time": 0.00032240076138235417,
    "total_inference_time": 0.252117395401001,
    "num_samples": 25000,
    "num_batches": 782,
    "confusion_matrix": [
      [
        9866,
        2651
      ],
      [
        3540,
        8943
      ]
    ],
    "classification_report": {
      "Negative": {
        "precision": 0.7359391317320603,
        "recall": 0.7882080370695853,
        "f1-score": 0.761177332870424,
        "support": 12517.0
      },
      "Positive": {
        "precision": 0.7713472485768501,
        "recall": 0.7164143234799327,
        "f1-score": 0.74286663620883,
        "support": 12483.0
      },
      "accuracy": 0.75236,
      "macro avg": {
        "precision": 0.7536431901544551,
        "recall": 0.7523111802747591,
        "f1-score": 0.752021984539627,
        "support": 25000.0
      },
      "weighted avg": {
        "precision": 0.7536191126350008,
        "recall": 0.75236,
        "f1-score": 0.7520344358133568,
        "support": 25000.0
      }
    },
    "true_positives": 8943,
    "true_negatives": 9866,
    "false_positives": 2651,
    "false_negatives": 3540,
    "positive_samples": 12483,
    "negative_samples": 12517,
    "predicted_positive": 11594,
    "predicted_negative": 13406
  },
  "avg_epoch_time": 2.269701772265964,
  "total_training_time": 27.448053121566772,
  "model_path": "../results/exp_124_bilstm_relu_rmsprop_50_True_model.pth"
}