{
  "experiment_name": "exp_020_rnn_sigmoid_adam_25_True",
  "config": {
    "embedding_dim": 100,
    "hidden_dim": 64,
    "num_layers": 2,
    "dropout": 0.3,
    "batch_size": 32,
    "epochs": 20,
    "learning_rate": 0.001,
    "patience": 5,
    "min_delta": 0.001,
    "clip_value": 1.0,
    "experiment_name": "exp_020_rnn_sigmoid_adam_25_True",
    "architecture": "rnn",
    "activation": "sigmoid",
    "optimizer": "adam",
    "sequence_length": 25,
    "gradient_clipping": true
  },
  "test_metrics": {
    "accuracy": 0.70928,
    "f1_score": 0.7092635587379521,
    "f1_weighted": 0.70926058531822,
    "precision": 0.7093530521780338,
    "recall": 0.70928,
    "roc_auc": 0.7790469513252412,
    "loss": 0.6811476943590452,
    "avg_inference_time": 0.00028500959391484175,
    "total_inference_time": 0.22287750244140625,
    "num_samples": 25000,
    "num_batches": 782,
    "confusion_matrix": [
      [
        8772,
        3745
      ],
      [
        3523,
        8960
      ]
    ],
    "classification_report": {
      "Negative": {
        "precision": 0.7134607564050427,
        "recall": 0.700806902612447,
        "f1-score": 0.7070772206996615,
        "support": 12517.0
      },
      "Positive": {
        "precision": 0.7052341597796143,
        "recall": 0.7177761755988143,
        "f1-score": 0.7114498967762427,
        "support": 12483.0
      },
      "accuracy": 0.70928,
      "macro avg": {
        "precision": 0.7093474580923285,
        "recall": 0.7092915391056307,
        "f1-score": 0.7092635587379521,
        "support": 25000.0
      },
      "weighted avg": {
        "precision": 0.7093530521780338,
        "recall": 0.70928,
        "f1-score": 0.70926058531822,
        "support": 25000.0
      }
    },
    "true_positives": 8960,
    "true_negatives": 8772,
    "false_positives": 3745,
    "false_negatives": 3523,
    "positive_samples": 12483,
    "negative_samples": 12517,
    "predicted_positive": 12705,
    "predicted_negative": 12295
  },
  "avg_epoch_time": 1.9156552851200104,
  "total_training_time": 20.604516744613647,
  "model_path": "../results/exp_020_rnn_sigmoid_adam_25_True_model.pth"
}