{
  "experiment_name": "exp_034_rnn_sigmoid_rmsprop_50_True",
  "config": {
    "embedding_dim": 100,
    "hidden_dim": 64,
    "num_layers": 2,
    "dropout": 0.3,
    "batch_size": 32,
    "epochs": 20,
    "learning_rate": 0.001,
    "patience": 5,
    "min_delta": 0.001,
    "clip_value": 1.0,
    "experiment_name": "exp_034_rnn_sigmoid_rmsprop_50_True",
    "architecture": "rnn",
    "activation": "sigmoid",
    "optimizer": "rmsprop",
    "sequence_length": 50,
    "gradient_clipping": true
  },
  "test_metrics": {
    "accuracy": 0.7644,
    "f1_score": 0.7643466948453288,
    "f1_weighted": 0.7643515149922937,
    "precision": 0.764589311371769,
    "recall": 0.7644,
    "roc_auc": 0.8439128505012082,
    "loss": 0.5473782387574005,
    "avg_inference_time": 0.0002891712481408473,
    "total_inference_time": 0.22613191604614258,
    "num_samples": 25000,
    "num_batches": 782,
    "confusion_matrix": [
      [
        9743,
        2774
      ],
      [
        3116,
        9367
      ]
    ],
    "classification_report": {
      "Negative": {
        "precision": 0.7576794463022007,
        "recall": 0.7783814012942398,
        "f1-score": 0.767890920554855,
        "support": 12517.0
      },
      "Positive": {
        "precision": 0.7715179968701096,
        "recall": 0.7503805175038052,
        "f1-score": 0.7608024691358025,
        "support": 12483.0
      },
      "accuracy": 0.7644,
      "macro avg": {
        "precision": 0.7645987215861552,
        "recall": 0.7643809593990225,
        "f1-score": 0.7643466948453288,
        "support": 25000.0
      },
      "weighted avg": {
        "precision": 0.764589311371769,
        "recall": 0.7644,
        "f1-score": 0.7643515149922937,
        "support": 25000.0
      }
    },
    "true_positives": 9367,
    "true_negatives": 9743,
    "false_positives": 2774,
    "false_negatives": 3116,
    "positive_samples": 12483,
    "negative_samples": 12517,
    "predicted_positive": 12141,
    "predicted_negative": 12859
  },
  "avg_epoch_time": 1.9643327849251884,
  "total_training_time": 18.588804244995117,
  "model_path": "../results/exp_034_rnn_sigmoid_rmsprop_50_True_model.pth"
}