{
  "experiment_name": "exp_033_rnn_sigmoid_rmsprop_50_False",
  "config": {
    "embedding_dim": 100,
    "hidden_dim": 64,
    "num_layers": 2,
    "dropout": 0.3,
    "batch_size": 32,
    "epochs": 20,
    "learning_rate": 0.001,
    "patience": 5,
    "min_delta": 0.001,
    "clip_value": 1.0,
    "experiment_name": "exp_033_rnn_sigmoid_rmsprop_50_False",
    "architecture": "rnn",
    "activation": "sigmoid",
    "optimizer": "rmsprop",
    "sequence_length": 50,
    "gradient_clipping": false
  },
  "test_metrics": {
    "accuracy": 0.76724,
    "f1_score": 0.7672227837970896,
    "f1_weighted": 0.7672200612347689,
    "precision": 0.7673523870044039,
    "recall": 0.76724,
    "roc_auc": 0.8448511850367518,
    "loss": 0.5500469092098649,
    "avg_inference_time": 0.0002841873242117255,
    "total_inference_time": 0.22223448753356934,
    "num_samples": 25000,
    "num_batches": 782,
    "confusion_matrix": [
      [
        9483,
        3034
      ],
      [
        2785,
        9698
      ]
    ],
    "classification_report": {
      "Negative": {
        "precision": 0.7729866318878382,
        "recall": 0.7576096508748102,
        "f1-score": 0.7652208997377447,
        "support": 12517.0
      },
      "Positive": {
        "precision": 0.7617027961043041,
        "recall": 0.7768965793479131,
        "f1-score": 0.7692246678564346,
        "support": 12483.0
      },
      "accuracy": 0.76724,
      "macro avg": {
        "precision": 0.7673447139960712,
        "recall": 0.7672531151113617,
        "f1-score": 0.7672227837970896,
        "support": 25000.0
      },
      "weighted avg": {
        "precision": 0.7673523870044039,
        "recall": 0.76724,
        "f1-score": 0.7672200612347689,
        "support": 25000.0
      }
    },
    "true_positives": 9698,
    "true_negatives": 9483,
    "false_positives": 3034,
    "false_negatives": 2785,
    "positive_samples": 12483,
    "negative_samples": 12517,
    "predicted_positive": 12732,
    "predicted_negative": 12268
  },
  "avg_epoch_time": 1.7956543207168578,
  "total_training_time": 24.830852508544922,
  "model_path": "../results/exp_033_rnn_sigmoid_rmsprop_50_False_model.pth"
}