{
  "experiment_name": "exp_042_rnn_tanh_adam_100_True",
  "config": {
    "embedding_dim": 100,
    "hidden_dim": 64,
    "num_layers": 2,
    "dropout": 0.3,
    "batch_size": 32,
    "epochs": 20,
    "learning_rate": 0.001,
    "patience": 5,
    "min_delta": 0.001,
    "clip_value": 1.0,
    "experiment_name": "exp_042_rnn_tanh_adam_100_True",
    "architecture": "rnn",
    "activation": "tanh",
    "optimizer": "adam",
    "sequence_length": 100,
    "gradient_clipping": true
  },
  "test_metrics": {
    "accuracy": 0.50368,
    "f1_score": 0.3526308930247719,
    "f1_weighted": 0.35305617206064127,
    "precision": 0.5435702655579109,
    "recall": 0.50368,
    "roc_auc": 0.5374297908301411,
    "loss": 0.6959741629298081,
    "avg_inference_time": 0.0002652083516425794,
    "total_inference_time": 0.20739293098449707,
    "num_samples": 25000,
    "num_batches": 782,
    "confusion_matrix": [
      [
        12334,
        183
      ],
      [
        12225,
        258
      ]
    ],
    "classification_report": {
      "Negative": {
        "precision": 0.5022191457306894,
        "recall": 0.9853798833586322,
        "f1-score": 0.6653360664580861,
        "support": 12517.0
      },
      "Positive": {
        "precision": 0.5850340136054422,
        "recall": 0.020668108627733717,
        "f1-score": 0.039925719591457756,
        "support": 12483.0
      },
      "accuracy": 0.50368,
      "macro avg": {
        "precision": 0.5436265796680657,
        "recall": 0.503023995993183,
        "f1-score": 0.3526308930247719,
        "support": 25000.0
      },
      "weighted avg": {
        "precision": 0.5435702655579109,
        "recall": 0.50368,
        "f1-score": 0.35305617206064127,
        "support": 25000.0
      }
    },
    "true_positives": 258,
    "true_negatives": 12334,
    "false_positives": 183,
    "false_negatives": 12225,
    "positive_samples": 12483,
    "negative_samples": 12517,
    "predicted_positive": 441,
    "predicted_negative": 24559
  },
  "avg_epoch_time": 2.0948695838451385,
  "total_training_time": 22.214048385620117,
  "model_path": "../results/exp_042_rnn_tanh_adam_100_True_model.pth"
}