{
  "experiment_name": "exp_139_bilstm_sigmoid_rmsprop_25_False",
  "config": {
    "embedding_dim": 100,
    "hidden_dim": 64,
    "num_layers": 2,
    "dropout": 0.3,
    "batch_size": 32,
    "epochs": 20,
    "learning_rate": 0.001,
    "patience": 5,
    "min_delta": 0.001,
    "clip_value": 1.0,
    "experiment_name": "exp_139_bilstm_sigmoid_rmsprop_25_False",
    "architecture": "bilstm",
    "activation": "sigmoid",
    "optimizer": "rmsprop",
    "sequence_length": 25,
    "gradient_clipping": false
  },
  "test_metrics": {
    "accuracy": 0.70284,
    "f1_score": 0.701268928365119,
    "f1_weighted": 0.7012394653559706,
    "precision": 0.707426629712932,
    "recall": 0.70284,
    "roc_auc": 0.7826827532500203,
    "loss": 0.6843244168297637,
    "avg_inference_time": 0.0003210708613285933,
    "total_inference_time": 0.25107741355895996,
    "num_samples": 25000,
    "num_batches": 782,
    "confusion_matrix": [
      [
        7879,
        4638
      ],
      [
        2791,
        9692
      ]
    ],
    "classification_report": {
      "Negative": {
        "precision": 0.7384254920337394,
        "recall": 0.6294639290564832,
        "f1-score": 0.6796049510501574,
        "support": 12517.0
      },
      "Positive": {
        "precision": 0.6763433356594557,
        "recall": 0.7764159256588961,
        "f1-score": 0.7229329056800805,
        "support": 12483.0
      },
      "accuracy": 0.70284,
      "macro avg": {
        "precision": 0.7073844138465976,
        "recall": 0.7029399273576896,
        "f1-score": 0.701268928365119,
        "support": 25000.0
      },
      "weighted avg": {
        "precision": 0.707426629712932,
        "recall": 0.70284,
        "f1-score": 0.7012394653559706,
        "support": 25000.0
      }
    },
    "true_positives": 9692,
    "true_negatives": 7879,
    "false_positives": 4638,
    "false_negatives": 2791,
    "positive_samples": 12483,
    "negative_samples": 12517,
    "predicted_positive": 14330,
    "predicted_negative": 10670
  },
  "avg_epoch_time": 2.0871826239994595,
  "total_training_time": 19.772836685180664,
  "model_path": "../results/exp_139_bilstm_sigmoid_rmsprop_25_False_model.pth"
}