{
  "experiment_name": "exp_149_bilstm_tanh_adam_100_False",
  "config": {
    "embedding_dim": 100,
    "hidden_dim": 64,
    "num_layers": 2,
    "dropout": 0.3,
    "batch_size": 32,
    "epochs": 20,
    "learning_rate": 0.001,
    "patience": 5,
    "min_delta": 0.001,
    "clip_value": 1.0,
    "experiment_name": "exp_149_bilstm_tanh_adam_100_False",
    "architecture": "bilstm",
    "activation": "tanh",
    "optimizer": "adam",
    "sequence_length": 100,
    "gradient_clipping": false
  },
  "test_metrics": {
    "accuracy": 0.81036,
    "f1_score": 0.8102281370969706,
    "f1_weighted": 0.8102213338515942,
    "precision": 0.8113310590666755,
    "recall": 0.81036,
    "roc_auc": 0.8839725309955933,
    "loss": 0.603311186394347,
    "avg_inference_time": 0.0003277368252844457,
    "total_inference_time": 0.2562901973724365,
    "num_samples": 25000,
    "num_batches": 782,
    "confusion_matrix": [
      [
        9800,
        2717
      ],
      [
        2024,
        10459
      ]
    ],
    "classification_report": {
      "Negative": {
        "precision": 0.8288227334235453,
        "recall": 0.7829352081169609,
        "f1-score": 0.8052257507908467,
        "support": 12517.0
      },
      "Positive": {
        "precision": 0.7937917425622344,
        "recall": 0.8378594889049107,
        "f1-score": 0.8152305234030944,
        "support": 12483.0
      },
      "accuracy": 0.81036,
      "macro avg": {
        "precision": 0.8113072379928898,
        "recall": 0.8103973485109358,
        "f1-score": 0.8102281370969706,
        "support": 25000.0
      },
      "weighted avg": {
        "precision": 0.8113310590666755,
        "recall": 0.81036,
        "f1-score": 0.8102213338515942,
        "support": 25000.0
      }
    },
    "true_positives": 10459,
    "true_negatives": 9800,
    "false_positives": 2717,
    "false_negatives": 2024,
    "positive_samples": 12483,
    "negative_samples": 12517,
    "predicted_positive": 13176,
    "predicted_negative": 11824
  },
  "avg_epoch_time": 2.4688057249242608,
  "total_training_time": 36.37597870826721,
  "model_path": "../results/exp_149_bilstm_tanh_adam_100_False_model.pth"
}