{
  "experiment_name": "exp_060_lstm_relu_adam_100_True",
  "config": {
    "embedding_dim": 100,
    "hidden_dim": 64,
    "num_layers": 2,
    "dropout": 0.3,
    "batch_size": 32,
    "epochs": 20,
    "learning_rate": 0.001,
    "patience": 5,
    "min_delta": 0.001,
    "clip_value": 1.0,
    "experiment_name": "exp_060_lstm_relu_adam_100_True",
    "architecture": "lstm",
    "activation": "relu",
    "optimizer": "adam",
    "sequence_length": 100,
    "gradient_clipping": true
  },
  "test_metrics": {
    "accuracy": 0.80676,
    "f1_score": 0.8058633680063207,
    "f1_weighted": 0.8058454248116267,
    "precision": 0.8128066383825473,
    "recall": 0.80676,
    "roc_auc": 0.8807072065560492,
    "loss": 0.5767694952066444,
    "avg_inference_time": 0.00029416065996565175,
    "total_inference_time": 0.23003363609313965,
    "num_samples": 25000,
    "num_batches": 782,
    "confusion_matrix": [
      [
        9235,
        3282
      ],
      [
        1549,
        10934
      ]
    ],
    "classification_report": {
      "Negative": {
        "precision": 0.8563612759643917,
        "recall": 0.7377965966285851,
        "f1-score": 0.7926698424960302,
        "support": 12517.0
      },
      "Positive": {
        "precision": 0.7691333708497468,
        "recall": 0.8759112392854281,
        "f1-score": 0.8190568935166112,
        "support": 12483.0
      },
      "accuracy": 0.80676,
      "macro avg": {
        "precision": 0.8127473234070692,
        "recall": 0.8068539179570067,
        "f1-score": 0.8058633680063207,
        "support": 25000.0
      },
      "weighted avg": {
        "precision": 0.8128066383825473,
        "recall": 0.80676,
        "f1-score": 0.8058454248116267,
        "support": 25000.0
      }
    },
    "true_positives": 10934,
    "true_negatives": 9235,
    "false_positives": 3282,
    "false_negatives": 1549,
    "positive_samples": 12483,
    "negative_samples": 12517,
    "predicted_positive": 14216,
    "predicted_negative": 10784
  },
  "avg_epoch_time": 2.2818289862738714,
  "total_training_time": 27.53451681137085,
  "model_path": "../results/exp_060_lstm_relu_adam_100_True_model.pth"
}