{
  "experiment_name": "exp_045_rnn_tanh_sgd_50_False",
  "config": {
    "embedding_dim": 100,
    "hidden_dim": 64,
    "num_layers": 2,
    "dropout": 0.3,
    "batch_size": 32,
    "epochs": 20,
    "learning_rate": 0.001,
    "patience": 5,
    "min_delta": 0.001,
    "clip_value": 1.0,
    "experiment_name": "exp_045_rnn_tanh_sgd_50_False",
    "architecture": "rnn",
    "activation": "tanh",
    "optimizer": "sgd",
    "sequence_length": 50,
    "gradient_clipping": false
  },
  "test_metrics": {
    "accuracy": 0.54676,
    "f1_score": 0.5450448372345809,
    "f1_weighted": 0.5450068466586693,
    "precision": 0.5475868340048304,
    "recall": 0.54676,
    "roc_auc": 0.5651892917741141,
    "loss": 0.7161152647126972,
    "avg_inference_time": 0.0002651113988188527,
    "total_inference_time": 0.20731711387634277,
    "num_samples": 25000,
    "num_batches": 782,
    "confusion_matrix": [
      [
        6067,
        6450
      ],
      [
        4881,
        7602
      ]
    ],
    "classification_report": {
      "Negative": {
        "precision": 0.554165144318597,
        "recall": 0.48470080690261247,
        "f1-score": 0.5171105902407841,
        "support": 12517.0
      },
      "Positive": {
        "precision": 0.5409906063193851,
        "recall": 0.608988223984619,
        "f1-score": 0.5729790842283776,
        "support": 12483.0
      },
      "accuracy": 0.54676,
      "macro avg": {
        "precision": 0.547577875318991,
        "recall": 0.5468445154436158,
        "f1-score": 0.5450448372345809,
        "support": 25000.0
      },
      "weighted avg": {
        "precision": 0.5475868340048304,
        "recall": 0.54676,
        "f1-score": 0.5450068466586693,
        "support": 25000.0
      }
    },
    "true_positives": 7602,
    "true_negatives": 6067,
    "false_positives": 6450,
    "false_negatives": 4881,
    "positive_samples": 12483,
    "negative_samples": 12517,
    "predicted_positive": 14052,
    "predicted_negative": 10948
  },
  "avg_epoch_time": 1.5515731898221103,
  "total_training_time": 24.132845401763916,
  "model_path": "../results/exp_045_rnn_tanh_sgd_50_False_model.pth"
}