{
  "experiment_name": "exp_110_bilstm_relu_adam_25_True",
  "config": {
    "embedding_dim": 100,
    "hidden_dim": 64,
    "num_layers": 2,
    "dropout": 0.3,
    "batch_size": 32,
    "epochs": 20,
    "learning_rate": 0.001,
    "patience": 5,
    "min_delta": 0.001,
    "clip_value": 1.0,
    "experiment_name": "exp_110_bilstm_relu_adam_25_True",
    "architecture": "bilstm",
    "activation": "relu",
    "optimizer": "adam",
    "sequence_length": 25,
    "gradient_clipping": true
  },
  "test_metrics": {
    "accuracy": 0.699,
    "f1_score": 0.6989996489131904,
    "f1_weighted": 0.6990000910225063,
    "precision": 0.6990002916481867,
    "recall": 0.699,
    "roc_auc": 0.759804922135184,
    "loss": 0.9823286368242462,
    "avg_inference_time": 0.0003207406729383542,
    "total_inference_time": 0.25081920623779297,
    "num_samples": 25000,
    "num_batches": 782,
    "confusion_matrix": [
      [
        8751,
        3766
      ],
      [
        3759,
        8724
      ]
    ],
    "classification_report": {
      "Negative": {
        "precision": 0.6995203836930456,
        "recall": 0.6991291843093393,
        "f1-score": 0.6993247292923642,
        "support": 12517.0
      },
      "Positive": {
        "precision": 0.6984787830264212,
        "recall": 0.6988704638308099,
        "f1-score": 0.6986745685340168,
        "support": 12483.0
      },
      "accuracy": 0.699,
      "macro avg": {
        "precision": 0.6989995833597333,
        "recall": 0.6989998240700745,
        "f1-score": 0.6989996489131904,
        "support": 25000.0
      },
      "weighted avg": {
        "precision": 0.6990002916481867,
        "recall": 0.699,
        "f1-score": 0.6990000910225063,
        "support": 25000.0
      }
    },
    "true_positives": 8724,
    "true_negatives": 8751,
    "false_positives": 3766,
    "false_negatives": 3759,
    "positive_samples": 12483,
    "negative_samples": 12517,
    "predicted_positive": 12490,
    "predicted_negative": 12510
  },
  "avg_epoch_time": 2.3183138370513916,
  "total_training_time": 21.417959213256836,
  "model_path": "../results/exp_110_bilstm_relu_adam_25_True_model.pth"
}