{
  "experiment_name": "exp_132_bilstm_sigmoid_adam_100_True",
  "config": {
    "embedding_dim": 100,
    "hidden_dim": 64,
    "num_layers": 2,
    "dropout": 0.3,
    "batch_size": 32,
    "epochs": 20,
    "learning_rate": 0.001,
    "patience": 5,
    "min_delta": 0.001,
    "clip_value": 1.0,
    "experiment_name": "exp_132_bilstm_sigmoid_adam_100_True",
    "architecture": "bilstm",
    "activation": "sigmoid",
    "optimizer": "adam",
    "sequence_length": 100,
    "gradient_clipping": true
  },
  "test_metrics": {
    "accuracy": 0.804,
    "f1_score": 0.8037248706308162,
    "f1_weighted": 0.8037348646463636,
    "precision": 0.8055722110729985,
    "recall": 0.804,
    "roc_auc": 0.8852781046103823,
    "loss": 0.5461950389587361,
    "avg_inference_time": 0.00033432230010361927,
    "total_inference_time": 0.2614400386810303,
    "num_samples": 25000,
    "num_batches": 782,
    "confusion_matrix": [
      [
        10518,
        1999
      ],
      [
        2901,
        9582
      ]
    ],
    "classification_report": {
      "Negative": {
        "precision": 0.7838139950816008,
        "recall": 0.8402971958136933,
        "f1-score": 0.8110734114743985,
        "support": 12517.0
      },
      "Positive": {
        "precision": 0.8273896900094984,
        "recall": 0.7676039413602499,
        "f1-score": 0.796376329787234,
        "support": 12483.0
      },
      "accuracy": 0.804,
      "macro avg": {
        "precision": 0.8056018425455496,
        "recall": 0.8039505685869717,
        "f1-score": 0.8037248706308162,
        "support": 25000.0
      },
      "weighted avg": {
        "precision": 0.8055722110729985,
        "recall": 0.804,
        "f1-score": 0.8037348646463636,
        "support": 25000.0
      }
    },
    "true_positives": 9582,
    "true_negatives": 10518,
    "false_positives": 1999,
    "false_negatives": 2901,
    "positive_samples": 12483,
    "negative_samples": 12517,
    "predicted_positive": 11581,
    "predicted_negative": 13419
  },
  "avg_epoch_time": 2.678127956390381,
  "total_training_time": 35.359079122543335,
  "model_path": "../results/exp_132_bilstm_sigmoid_adam_100_True_model.pth"
}