{
  "experiment_name": "exp_125_bilstm_relu_rmsprop_100_False",
  "config": {
    "embedding_dim": 100,
    "hidden_dim": 64,
    "num_layers": 2,
    "dropout": 0.3,
    "batch_size": 32,
    "epochs": 20,
    "learning_rate": 0.001,
    "patience": 5,
    "min_delta": 0.001,
    "clip_value": 1.0,
    "experiment_name": "exp_125_bilstm_relu_rmsprop_100_False",
    "architecture": "bilstm",
    "activation": "relu",
    "optimizer": "rmsprop",
    "sequence_length": 100,
    "gradient_clipping": false
  },
  "test_metrics": {
    "accuracy": 0.81056,
    "f1_score": 0.8104741754288425,
    "f1_weighted": 0.8104796604578263,
    "precision": 0.8110434851555224,
    "recall": 0.81056,
    "roc_auc": 0.8850261681444006,
    "loss": 0.49737313431699565,
    "avg_inference_time": 0.0003314292644295851,
    "total_inference_time": 0.25917768478393555,
    "num_samples": 25000,
    "num_batches": 782,
    "confusion_matrix": [
      [
        10398,
        2119
      ],
      [
        2617,
        9866
      ]
    ],
    "classification_report": {
      "Negative": {
        "precision": 0.7989243180945064,
        "recall": 0.830710234081649,
        "f1-score": 0.8145072849757168,
        "support": 12517.0
      },
      "Positive": {
        "precision": 0.8231956612432207,
        "recall": 0.7903548826403909,
        "f1-score": 0.8064410658819683,
        "support": 12483.0
      },
      "accuracy": 0.81056,
      "macro avg": {
        "precision": 0.8110599896688635,
        "recall": 0.8105325583610199,
        "f1-score": 0.8104741754288425,
        "support": 25000.0
      },
      "weighted avg": {
        "precision": 0.8110434851555224,
        "recall": 0.81056,
        "f1-score": 0.8104796604578263,
        "support": 25000.0
      }
    },
    "true_positives": 9866,
    "true_negatives": 10398,
    "false_positives": 2119,
    "false_negatives": 2617,
    "positive_samples": 12483,
    "negative_samples": 12517,
    "predicted_positive": 11985,
    "predicted_negative": 13015
  },
  "avg_epoch_time": 2.431539863348007,
  "total_training_time": 26.199167490005493,
  "model_path": "../results/exp_125_bilstm_relu_rmsprop_100_False_model.pth"
}