{
  "experiment_name": "exp_108_lstm_tanh_rmsprop_100_True",
  "config": {
    "embedding_dim": 100,
    "hidden_dim": 64,
    "num_layers": 2,
    "dropout": 0.3,
    "batch_size": 32,
    "epochs": 20,
    "learning_rate": 0.001,
    "patience": 5,
    "min_delta": 0.001,
    "clip_value": 1.0,
    "experiment_name": "exp_108_lstm_tanh_rmsprop_100_True",
    "architecture": "lstm",
    "activation": "tanh",
    "optimizer": "rmsprop",
    "sequence_length": 100,
    "gradient_clipping": true
  },
  "test_metrics": {
    "accuracy": 0.8134,
    "f1_score": 0.8133811885252132,
    "f1_weighted": 0.8133786403573139,
    "precision": 0.8135687815332149,
    "recall": 0.8134,
    "roc_auc": 0.8859494722521437,
    "loss": 0.5228298396500938,
    "avg_inference_time": 0.00028889045081175195,
    "total_inference_time": 0.22591233253479004,
    "num_samples": 25000,
    "num_batches": 782,
    "confusion_matrix": [
      [
        10042,
        2475
      ],
      [
        2190,
        10293
      ]
    ],
    "classification_report": {
      "Negative": {
        "precision": 0.8209614126880314,
        "recall": 0.8022689142765839,
        "f1-score": 0.8115075356580064,
        "support": 12517.0
      },
      "Positive": {
        "precision": 0.8061560150375939,
        "recall": 0.8245614035087719,
        "f1-score": 0.8152548413924201,
        "support": 12483.0
      },
      "accuracy": 0.8134,
      "macro avg": {
        "precision": 0.8135587138628126,
        "recall": 0.8134151588926779,
        "f1-score": 0.8133811885252132,
        "support": 25000.0
      },
      "weighted avg": {
        "precision": 0.8135687815332149,
        "recall": 0.8134,
        "f1-score": 0.8133786403573139,
        "support": 25000.0
      }
    },
    "true_positives": 10293,
    "true_negatives": 10042,
    "false_positives": 2475,
    "false_negatives": 2190,
    "positive_samples": 12483,
    "negative_samples": 12517,
    "predicted_positive": 12768,
    "predicted_negative": 12232
  },
  "avg_epoch_time": 2.2416116926405163,
  "total_training_time": 27.117366552352905,
  "model_path": "../results/exp_108_lstm_tanh_rmsprop_100_True_model.pth"
}