{
  "experiment_name": "exp_063_lstm_relu_sgd_50_False",
  "config": {
    "embedding_dim": 100,
    "hidden_dim": 64,
    "num_layers": 2,
    "dropout": 0.3,
    "batch_size": 32,
    "epochs": 20,
    "learning_rate": 0.001,
    "patience": 5,
    "min_delta": 0.001,
    "clip_value": 1.0,
    "experiment_name": "exp_063_lstm_relu_sgd_50_False",
    "architecture": "lstm",
    "activation": "relu",
    "optimizer": "sgd",
    "sequence_length": 50,
    "gradient_clipping": false
  },
  "test_metrics": {
    "accuracy": 0.50252,
    "f1_score": 0.3524537794815892,
    "f1_weighted": 0.3528777305823475,
    "precision": 0.5246433096388834,
    "recall": 0.50252,
    "roc_auc": 0.5199151760351096,
    "loss": 0.6931263753367812,
    "avg_inference_time": 0.0002850788023770618,
    "total_inference_time": 0.2229316234588623,
    "num_samples": 25000,
    "num_batches": 782,
    "confusion_matrix": [
      [
        12299,
        218
      ],
      [
        12219,
        264
      ]
    ],
    "classification_report": {
      "Negative": {
        "precision": 0.5016314544416347,
        "recall": 0.9825836861867859,
        "f1-score": 0.6641825300391522,
        "support": 12517.0
      },
      "Positive": {
        "precision": 0.5477178423236515,
        "recall": 0.02114876231675078,
        "f1-score": 0.04072502892402623,
        "support": 12483.0
      },
      "accuracy": 0.50252,
      "macro avg": {
        "precision": 0.5246746483826431,
        "recall": 0.5018662242517684,
        "f1-score": 0.3524537794815892,
        "support": 25000.0
      },
      "weighted avg": {
        "precision": 0.5246433096388834,
        "recall": 0.50252,
        "f1-score": 0.3528777305823475,
        "support": 25000.0
      }
    },
    "true_positives": 264,
    "true_negatives": 12299,
    "false_positives": 218,
    "false_negatives": 12219,
    "positive_samples": 12483,
    "negative_samples": 12517,
    "predicted_positive": 482,
    "predicted_negative": 24518
  },
  "avg_epoch_time": 1.7216254472732544,
  "total_training_time": 14.464054107666016,
  "model_path": "../results/exp_063_lstm_relu_sgd_50_False_model.pth"
}