{
  "experiment_name": "exp_078_lstm_sigmoid_adam_100_True",
  "config": {
    "embedding_dim": 100,
    "hidden_dim": 64,
    "num_layers": 2,
    "dropout": 0.3,
    "batch_size": 32,
    "epochs": 20,
    "learning_rate": 0.001,
    "patience": 5,
    "min_delta": 0.001,
    "clip_value": 1.0,
    "experiment_name": "exp_078_lstm_sigmoid_adam_100_True",
    "architecture": "lstm",
    "activation": "sigmoid",
    "optimizer": "adam",
    "sequence_length": 100,
    "gradient_clipping": true
  },
  "test_metrics": {
    "accuracy": 0.82104,
    "f1_score": 0.8209689593372663,
    "f1_weighted": 0.8209641091715376,
    "precision": 0.8216328818322174,
    "recall": 0.82104,
    "roc_auc": 0.8924081209980607,
    "loss": 0.5114525807140123,
    "avg_inference_time": 0.0002893831418908161,
    "total_inference_time": 0.22629761695861816,
    "num_samples": 25000,
    "num_batches": 782,
    "confusion_matrix": [
      [
        10014,
        2503
      ],
      [
        1971,
        10512
      ]
    ],
    "classification_report": {
      "Negative": {
        "precision": 0.8355444305381727,
        "recall": 0.8000319565391069,
        "f1-score": 0.8174026610072647,
        "support": 12517.0
      },
      "Positive": {
        "precision": 0.8076834421820975,
        "recall": 0.8421052631578947,
        "f1-score": 0.824535257667268,
        "support": 12483.0
      },
      "accuracy": 0.82104,
      "macro avg": {
        "precision": 0.8216139363601351,
        "recall": 0.8210686098485007,
        "f1-score": 0.8209689593372663,
        "support": 25000.0
      },
      "weighted avg": {
        "precision": 0.8216328818322174,
        "recall": 0.82104,
        "f1-score": 0.8209641091715376,
        "support": 25000.0
      }
    },
    "true_positives": 10512,
    "true_negatives": 10014,
    "false_positives": 2503,
    "false_negatives": 1971,
    "positive_samples": 12483,
    "negative_samples": 12517,
    "predicted_positive": 13015,
    "predicted_negative": 11985
  },
  "avg_epoch_time": 2.2650738954544067,
  "total_training_time": 30.37116765975952,
  "model_path": "../results/exp_078_lstm_sigmoid_adam_100_True_model.pth"
}