{
  "experiment_name": "exp_152_bilstm_tanh_sgd_25_True",
  "config": {
    "embedding_dim": 100,
    "hidden_dim": 64,
    "num_layers": 2,
    "dropout": 0.3,
    "batch_size": 32,
    "epochs": 20,
    "learning_rate": 0.001,
    "patience": 5,
    "min_delta": 0.001,
    "clip_value": 1.0,
    "experiment_name": "exp_152_bilstm_tanh_sgd_25_True",
    "architecture": "bilstm",
    "activation": "tanh",
    "optimizer": "sgd",
    "sequence_length": 25,
    "gradient_clipping": true
  },
  "test_metrics": {
    "accuracy": 0.50456,
    "f1_score": 0.4579074681363209,
    "f1_weighted": 0.45769118969572026,
    "precision": 0.5075890481144147,
    "recall": 0.50456,
    "roc_auc": 0.5119134652351452,
    "loss": 0.6931316495856361,
    "avg_inference_time": 0.00033257928345819263,
    "total_inference_time": 0.26007699966430664,
    "num_samples": 25000,
    "num_batches": 782,
    "confusion_matrix": [
      [
        2640,
        9877
      ],
      [
        2509,
        9974
      ]
    ],
    "classification_report": {
      "Negative": {
        "precision": 0.512720916682851,
        "recall": 0.21091315810497724,
        "f1-score": 0.298879202988792,
        "support": 12517.0
      },
      "Positive": {
        "precision": 0.5024432018538109,
        "recall": 0.799006649042698,
        "f1-score": 0.6169357332838498,
        "support": 12483.0
      },
      "accuracy": 0.50456,
      "macro avg": {
        "precision": 0.5075820592683309,
        "recall": 0.5049599035738377,
        "f1-score": 0.4579074681363209,
        "support": 25000.0
      },
      "weighted avg": {
        "precision": 0.5075890481144147,
        "recall": 0.50456,
        "f1-score": 0.45769118969572026,
        "support": 25000.0
      }
    },
    "true_positives": 9974,
    "true_negatives": 2640,
    "false_positives": 9877,
    "false_negatives": 2509,
    "positive_samples": 12483,
    "negative_samples": 12517,
    "predicted_positive": 19851,
    "predicted_negative": 5149
  },
  "avg_epoch_time": 2.1947875022888184,
  "total_training_time": 17.648130178451538,
  "model_path": "../results/exp_152_bilstm_tanh_sgd_25_True_model.pth"
}