{
  "experiment_name": "exp_085_lstm_sigmoid_rmsprop_25_False",
  "config": {
    "embedding_dim": 100,
    "hidden_dim": 64,
    "num_layers": 2,
    "dropout": 0.3,
    "batch_size": 32,
    "epochs": 20,
    "learning_rate": 0.001,
    "patience": 5,
    "min_delta": 0.001,
    "clip_value": 1.0,
    "experiment_name": "exp_085_lstm_sigmoid_rmsprop_25_False",
    "architecture": "lstm",
    "activation": "sigmoid",
    "optimizer": "rmsprop",
    "sequence_length": 25,
    "gradient_clipping": false
  },
  "test_metrics": {
    "accuracy": 0.71728,
    "f1_score": 0.7169543371706828,
    "f1_weighted": 0.7169673944067639,
    "precision": 0.7181803412484665,
    "recall": 0.71728,
    "roc_auc": 0.7933873938493237,
    "loss": 0.645711750287534,
    "avg_inference_time": 0.0002798247520271165,
    "total_inference_time": 0.21882295608520508,
    "num_samples": 25000,
    "num_batches": 782,
    "confusion_matrix": [
      [
        9390,
        3127
      ],
      [
        3941,
        8542
      ]
    ],
    "classification_report": {
      "Negative": {
        "precision": 0.7043732653214313,
        "recall": 0.7501797555324758,
        "f1-score": 0.7265552460538532,
        "support": 12517.0
      },
      "Positive": {
        "precision": 0.7320250235667153,
        "recall": 0.684290635263959,
        "f1-score": 0.7073534282875125,
        "support": 12483.0
      },
      "accuracy": 0.71728,
      "macro avg": {
        "precision": 0.7181991444440733,
        "recall": 0.7172351953982175,
        "f1-score": 0.7169543371706828,
        "support": 25000.0
      },
      "weighted avg": {
        "precision": 0.7181803412484665,
        "recall": 0.71728,
        "f1-score": 0.7169673944067639,
        "support": 25000.0
      }
    },
    "true_positives": 8542,
    "true_negatives": 9390,
    "false_positives": 3127,
    "false_negatives": 3941,
    "positive_samples": 12483,
    "negative_samples": 12517,
    "predicted_positive": 11669,
    "predicted_negative": 13331
  },
  "avg_epoch_time": 1.7761759757995605,
  "total_training_time": 17.05086660385132,
  "model_path": "../results/exp_085_lstm_sigmoid_rmsprop_25_False_model.pth"
}