{
  "experiment_name": "exp_044_rnn_tanh_sgd_25_True",
  "config": {
    "embedding_dim": 100,
    "hidden_dim": 64,
    "num_layers": 2,
    "dropout": 0.3,
    "batch_size": 32,
    "epochs": 20,
    "learning_rate": 0.001,
    "patience": 5,
    "min_delta": 0.001,
    "clip_value": 1.0,
    "experiment_name": "exp_044_rnn_tanh_sgd_25_True",
    "architecture": "rnn",
    "activation": "tanh",
    "optimizer": "sgd",
    "sequence_length": 25,
    "gradient_clipping": true
  },
  "test_metrics": {
    "accuracy": 0.65512,
    "f1_score": 0.6303462276526417,
    "f1_weighted": 0.6302160811353656,
    "precision": 0.7129779182506865,
    "recall": 0.65512,
    "roc_auc": 0.7673050768074701,
    "loss": 0.6453794603000211,
    "avg_inference_time": 0.0002602521720749643,
    "total_inference_time": 0.20351719856262207,
    "num_samples": 25000,
    "num_batches": 782,
    "confusion_matrix": [
      [
        4953,
        7564
      ],
      [
        1058,
        11425
      ]
    ],
    "classification_report": {
      "Negative": {
        "precision": 0.8239893528531026,
        "recall": 0.39570184549013343,
        "f1-score": 0.5346502590673575,
        "support": 12517.0
      },
      "Positive": {
        "precision": 0.6016641213334035,
        "recall": 0.9152447328366579,
        "f1-score": 0.7260421962379258,
        "support": 12483.0
      },
      "accuracy": 0.65512,
      "macro avg": {
        "precision": 0.7128267370932531,
        "recall": 0.6554732891633956,
        "f1-score": 0.6303462276526417,
        "support": 25000.0
      },
      "weighted avg": {
        "precision": 0.7129779182506865,
        "recall": 0.65512,
        "f1-score": 0.6302160811353656,
        "support": 25000.0
      }
    },
    "true_positives": 11425,
    "true_negatives": 4953,
    "false_positives": 7564,
    "false_negatives": 1058,
    "positive_samples": 12483,
    "negative_samples": 12517,
    "predicted_positive": 18989,
    "predicted_negative": 6011
  },
  "avg_epoch_time": 1.6803577423095704,
  "total_training_time": 45.90929126739502,
  "model_path": "../results/exp_044_rnn_tanh_sgd_25_True_model.pth"
}