{
  "experiment_name": "exp_001_rnn_relu_adam_25_False",
  "config": {
    "embedding_dim": 100,
    "hidden_dim": 64,
    "num_layers": 2,
    "dropout": 0.3,
    "batch_size": 32,
    "epochs": 20,
    "learning_rate": 0.001,
    "patience": 5,
    "min_delta": 0.001,
    "clip_value": 1.0,
    "experiment_name": "exp_001_rnn_relu_adam_25_False",
    "architecture": "rnn",
    "activation": "relu",
    "optimizer": "adam",
    "sequence_length": 25,
    "gradient_clipping": false
  },
  "test_metrics": {
    "accuracy": 0.6968,
    "f1_score": 0.6967828529490474,
    "f1_weighted": 0.696779751886641,
    "precision": 0.6968694162253881,
    "recall": 0.6968,
    "roc_auc": 0.7693466741836086,
    "loss": 0.8884668732466905,
    "avg_inference_time": 0.0002822693046706412,
    "total_inference_time": 0.2207345962524414,
    "num_samples": 25000,
    "num_batches": 782,
    "confusion_matrix": [
      [
        8616,
        3901
      ],
      [
        3679,
        8804
      ]
    ],
    "classification_report": {
      "Negative": {
        "precision": 0.7007726718178121,
        "recall": 0.6883438523607893,
        "f1-score": 0.6945026600032242,
        "support": 12517.0
      },
      "Positive": {
        "precision": 0.6929555293191657,
        "recall": 0.7052791796843707,
        "f1-score": 0.6990630458948706,
        "support": 12483.0
      },
      "accuracy": 0.6968,
      "macro avg": {
        "precision": 0.6968641005684889,
        "recall": 0.6968115160225801,
        "f1-score": 0.6967828529490474,
        "support": 25000.0
      },
      "weighted avg": {
        "precision": 0.6968694162253881,
        "recall": 0.6968,
        "f1-score": 0.696779751886641,
        "support": 25000.0
      }
    },
    "true_positives": 8804,
    "true_negatives": 8616,
    "false_positives": 3901,
    "false_negatives": 3679,
    "positive_samples": 12483,
    "negative_samples": 12517,
    "predicted_positive": 12705,
    "predicted_negative": 12295
  },
  "avg_epoch_time": 1.95420960017613,
  "total_training_time": 18.20008635520935,
  "model_path": "../results/exp_001_rnn_relu_adam_25_False_model.pth"
}