{
  "experiment_name": "exp_088_lstm_sigmoid_rmsprop_50_True",
  "config": {
    "embedding_dim": 100,
    "hidden_dim": 64,
    "num_layers": 2,
    "dropout": 0.3,
    "batch_size": 32,
    "epochs": 20,
    "learning_rate": 0.001,
    "patience": 5,
    "min_delta": 0.001,
    "clip_value": 1.0,
    "experiment_name": "exp_088_lstm_sigmoid_rmsprop_50_True",
    "architecture": "lstm",
    "activation": "sigmoid",
    "optimizer": "rmsprop",
    "sequence_length": 50,
    "gradient_clipping": true
  },
  "test_metrics": {
    "accuracy": 0.7652,
    "f1_score": 0.7651978300522662,
    "f1_weighted": 0.7651968592861748,
    "precision": 0.7652233484668216,
    "recall": 0.7652,
    "roc_auc": 0.845238084952362,
    "loss": 0.5541682776511477,
    "avg_inference_time": 0.00028643919074017066,
    "total_inference_time": 0.22399544715881348,
    "num_samples": 25000,
    "num_batches": 782,
    "confusion_matrix": [
      [
        9527,
        2990
      ],
      [
        2880,
        9603
      ]
    ],
    "classification_report": {
      "Negative": {
        "precision": 0.7678729749335053,
        "recall": 0.7611248701765598,
        "f1-score": 0.764484031455625,
        "support": 12517.0
      },
      "Positive": {
        "precision": 0.7625665052013023,
        "recall": 0.7692862292718097,
        "f1-score": 0.7659116286489073,
        "support": 12483.0
      },
      "accuracy": 0.7652,
      "macro avg": {
        "precision": 0.7652197400674038,
        "recall": 0.7652055497241848,
        "f1-score": 0.7651978300522662,
        "support": 25000.0
      },
      "weighted avg": {
        "precision": 0.7652233484668216,
        "recall": 0.7652,
        "f1-score": 0.7651968592861748,
        "support": 25000.0
      }
    },
    "true_positives": 9603,
    "true_negatives": 9527,
    "false_positives": 2990,
    "false_negatives": 2880,
    "positive_samples": 12483,
    "negative_samples": 12517,
    "predicted_positive": 12593,
    "predicted_negative": 12407
  },
  "avg_epoch_time": 1.9556936536516463,
  "total_training_time": 18.545424222946167,
  "model_path": "../results/exp_088_lstm_sigmoid_rmsprop_50_True_model.pth"
}