{
  "experiment_name": "exp_019_rnn_sigmoid_adam_25_False",
  "config": {
    "embedding_dim": 100,
    "hidden_dim": 64,
    "num_layers": 2,
    "dropout": 0.3,
    "batch_size": 32,
    "epochs": 20,
    "learning_rate": 0.001,
    "patience": 5,
    "min_delta": 0.001,
    "clip_value": 1.0,
    "experiment_name": "exp_019_rnn_sigmoid_adam_25_False",
    "architecture": "rnn",
    "activation": "sigmoid",
    "optimizer": "adam",
    "sequence_length": 25,
    "gradient_clipping": false
  },
  "test_metrics": {
    "accuracy": 0.69876,
    "f1_score": 0.697652601131648,
    "f1_weighted": 0.697677486499476,
    "precision": 0.7015338211322567,
    "recall": 0.69876,
    "roc_auc": 0.776309064661246,
    "loss": 0.6936085091718017,
    "avg_inference_time": 0.00028338944515608766,
    "total_inference_time": 0.22161054611206055,
    "num_samples": 25000,
    "num_batches": 782,
    "confusion_matrix": [
      [
        9491,
        3026
      ],
      [
        4505,
        7978
      ]
    ],
    "classification_report": {
      "Negative": {
        "precision": 0.6781223206630466,
        "recall": 0.7582487816569465,
        "f1-score": 0.7159506657111606,
        "support": 12517.0
      },
      "Positive": {
        "precision": 0.7250090876045074,
        "recall": 0.639109188496355,
        "f1-score": 0.6793545365521352,
        "support": 12483.0
      },
      "accuracy": 0.69876,
      "macro avg": {
        "precision": 0.7015657041337771,
        "recall": 0.6986789850766508,
        "f1-score": 0.697652601131648,
        "support": 25000.0
      },
      "weighted avg": {
        "precision": 0.7015338211322567,
        "recall": 0.69876,
        "f1-score": 0.697677486499476,
        "support": 25000.0
      }
    },
    "true_positives": 7978,
    "true_negatives": 9491,
    "false_positives": 3026,
    "false_negatives": 4505,
    "positive_samples": 12483,
    "negative_samples": 12517,
    "predicted_positive": 11004,
    "predicted_negative": 13996
  },
  "avg_epoch_time": 1.8460005819797516,
  "total_training_time": 20.17975115776062,
  "model_path": "../results/exp_019_rnn_sigmoid_adam_25_False_model.pth"
}