{
  "experiment_name": "exp_123_bilstm_relu_rmsprop_50_False",
  "config": {
    "embedding_dim": 100,
    "hidden_dim": 64,
    "num_layers": 2,
    "dropout": 0.3,
    "batch_size": 32,
    "epochs": 20,
    "learning_rate": 0.001,
    "patience": 5,
    "min_delta": 0.001,
    "clip_value": 1.0,
    "experiment_name": "exp_123_bilstm_relu_rmsprop_50_False",
    "architecture": "bilstm",
    "activation": "relu",
    "optimizer": "rmsprop",
    "sequence_length": 50,
    "gradient_clipping": false
  },
  "test_metrics": {
    "accuracy": 0.74912,
    "f1_score": 0.74771448469805,
    "f1_weighted": 0.7476888750944776,
    "precision": 0.7550623772522047,
    "recall": 0.74912,
    "roc_auc": 0.8289740260703585,
    "loss": 0.6427138370683279,
    "avg_inference_time": 0.0003317594528198242,
    "total_inference_time": 0.25943589210510254,
    "num_samples": 25000,
    "num_batches": 782,
    "confusion_matrix": [
      [
        8431,
        4086
      ],
      [
        2186,
        10297
      ]
    ],
    "classification_report": {
      "Negative": {
        "precision": 0.79410379579919,
        "recall": 0.6735639530238875,
        "f1-score": 0.7288838938359125,
        "support": 12517.0
      },
      "Positive": {
        "precision": 0.7159146214280748,
        "recall": 0.82488183930145,
        "f1-score": 0.7665450755601876,
        "support": 12483.0
      },
      "accuracy": 0.74912,
      "macro avg": {
        "precision": 0.7550092086136324,
        "recall": 0.7492228961626688,
        "f1-score": 0.74771448469805,
        "support": 25000.0
      },
      "weighted avg": {
        "precision": 0.7550623772522047,
        "recall": 0.74912,
        "f1-score": 0.7476888750944776,
        "support": 25000.0
      }
    },
    "true_positives": 10297,
    "true_negatives": 8431,
    "false_positives": 4086,
    "false_negatives": 2186,
    "positive_samples": 12483,
    "negative_samples": 12517,
    "predicted_positive": 14383,
    "predicted_negative": 10617
  },
  "avg_epoch_time": 2.0721617142359414,
  "total_training_time": 16.975701808929443,
  "model_path": "../results/exp_123_bilstm_relu_rmsprop_50_False_model.pth"
}