{
  "experiment_name": "exp_096_lstm_tanh_adam_100_True",
  "config": {
    "embedding_dim": 100,
    "hidden_dim": 64,
    "num_layers": 2,
    "dropout": 0.3,
    "batch_size": 32,
    "epochs": 20,
    "learning_rate": 0.001,
    "patience": 5,
    "min_delta": 0.001,
    "clip_value": 1.0,
    "experiment_name": "exp_096_lstm_tanh_adam_100_True",
    "architecture": "lstm",
    "activation": "tanh",
    "optimizer": "adam",
    "sequence_length": 100,
    "gradient_clipping": true
  },
  "test_metrics": {
    "accuracy": 0.81616,
    "f1_score": 0.816099885553629,
    "f1_weighted": 0.816095363670495,
    "precision": 0.8166483329769596,
    "recall": 0.81616,
    "roc_auc": 0.8785087384897626,
    "loss": 0.5279426813849708,
    "avg_inference_time": 0.0003038873452969524,
    "total_inference_time": 0.2376399040222168,
    "num_samples": 25000,
    "num_batches": 782,
    "confusion_matrix": [
      [
        9976,
        2541
      ],
      [
        2055,
        10428
      ]
    ],
    "classification_report": {
      "Negative": {
        "precision": 0.829191255922201,
        "recall": 0.7969960853239594,
        "f1-score": 0.8127749714844387,
        "support": 12517.0
      },
      "Positive": {
        "precision": 0.8040712468193384,
        "recall": 0.8353761115116558,
        "f1-score": 0.8194247996228194,
        "support": 12483.0
      },
      "accuracy": 0.81616,
      "macro avg": {
        "precision": 0.8166312513707696,
        "recall": 0.8161860984178075,
        "f1-score": 0.816099885553629,
        "support": 25000.0
      },
      "weighted avg": {
        "precision": 0.8166483329769596,
        "recall": 0.81616,
        "f1-score": 0.816095363670495,
        "support": 25000.0
      }
    },
    "true_positives": 10428,
    "true_negatives": 9976,
    "false_positives": 2541,
    "false_negatives": 2055,
    "positive_samples": 12483,
    "negative_samples": 12517,
    "predicted_positive": 12969,
    "predicted_negative": 12031
  },
  "avg_epoch_time": 2.267788750784738,
  "total_training_time": 21.265820264816284,
  "model_path": "../results/exp_096_lstm_tanh_adam_100_True_model.pth"
}