{
  "experiment_name": "exp_097_lstm_tanh_sgd_25_False",
  "config": {
    "embedding_dim": 100,
    "hidden_dim": 64,
    "num_layers": 2,
    "dropout": 0.3,
    "batch_size": 32,
    "epochs": 20,
    "learning_rate": 0.001,
    "patience": 5,
    "min_delta": 0.001,
    "clip_value": 1.0,
    "experiment_name": "exp_097_lstm_tanh_sgd_25_False",
    "architecture": "lstm",
    "activation": "tanh",
    "optimizer": "sgd",
    "sequence_length": 25,
    "gradient_clipping": false
  },
  "test_metrics": {
    "accuracy": 0.50068,
    "f1_score": 0.33363541861023005,
    "f1_weighted": 0.33408916277954,
    "precision": 0.25068046239999997,
    "recall": 0.50068,
    "roc_auc": 0.5236373781196946,
    "loss": 0.6931479826302784,
    "avg_inference_time": 0.0002913904921782901,
    "total_inference_time": 0.22786736488342285,
    "num_samples": 25000,
    "num_batches": 782,
    "confusion_matrix": [
      [
        12517,
        0
      ],
      [
        12483,
        0
      ]
    ],
    "classification_report": {
      "Negative": {
        "precision": 0.50068,
        "recall": 1.0,
        "f1-score": 0.6672708372204601,
        "support": 12517.0
      },
      "Positive": {
        "precision": 0.0,
        "recall": 0.0,
        "f1-score": 0.0,
        "support": 12483.0
      },
      "accuracy": 0.50068,
      "macro avg": {
        "precision": 0.25034,
        "recall": 0.5,
        "f1-score": 0.33363541861023005,
        "support": 25000.0
      },
      "weighted avg": {
        "precision": 0.25068046239999997,
        "recall": 0.50068,
        "f1-score": 0.33408916277954,
        "support": 25000.0
      }
    },
    "true_positives": 0,
    "true_negatives": 12517,
    "false_positives": 0,
    "false_negatives": 12483,
    "positive_samples": 12483,
    "negative_samples": 12517,
    "predicted_positive": 0,
    "predicted_negative": 25000
  },
  "avg_epoch_time": 1.7077232201894124,
  "total_training_time": 14.345891952514648,
  "model_path": "../results/exp_097_lstm_tanh_sgd_25_False_model.pth"
}