{
  "experiment_name": "exp_127_bilstm_sigmoid_adam_25_False",
  "config": {
    "embedding_dim": 100,
    "hidden_dim": 64,
    "num_layers": 2,
    "dropout": 0.3,
    "batch_size": 32,
    "epochs": 20,
    "learning_rate": 0.001,
    "patience": 5,
    "min_delta": 0.001,
    "clip_value": 1.0,
    "experiment_name": "exp_127_bilstm_sigmoid_adam_25_False",
    "architecture": "bilstm",
    "activation": "sigmoid",
    "optimizer": "adam",
    "sequence_length": 25,
    "gradient_clipping": false
  },
  "test_metrics": {
    "accuracy": 0.69584,
    "f1_score": 0.6949610172375171,
    "f1_weighted": 0.6949832865474458,
    "precision": 0.6979649466461159,
    "recall": 0.69584,
    "roc_auc": 0.7720370055596455,
    "loss": 0.659275672034077,
    "avg_inference_time": 0.0003315804864439513,
    "total_inference_time": 0.2592959403991699,
    "num_samples": 25000,
    "num_batches": 782,
    "confusion_matrix": [
      [
        9369,
        3148
      ],
      [
        4456,
        8027
      ]
    ],
    "classification_report": {
      "Negative": {
        "precision": 0.6776853526220615,
        "recall": 0.748502037229368,
        "f1-score": 0.7113355098322072,
        "support": 12517.0
      },
      "Positive": {
        "precision": 0.7182997762863534,
        "recall": 0.6430345269566611,
        "f1-score": 0.678586524642827,
        "support": 12483.0
      },
      "accuracy": 0.69584,
      "macro avg": {
        "precision": 0.6979925644542075,
        "recall": 0.6957682820930146,
        "f1-score": 0.6949610172375171,
        "support": 25000.0
      },
      "weighted avg": {
        "precision": 0.6979649466461159,
        "recall": 0.69584,
        "f1-score": 0.6949832865474458,
        "support": 25000.0
      }
    },
    "true_positives": 8027,
    "true_negatives": 9369,
    "false_positives": 3148,
    "false_negatives": 4456,
    "positive_samples": 12483,
    "negative_samples": 12517,
    "predicted_positive": 11175,
    "predicted_negative": 13825
  },
  "avg_epoch_time": 2.114846774509975,
  "total_training_time": 19.96173357963562,
  "model_path": "../results/exp_127_bilstm_sigmoid_adam_25_False_model.pth"
}