{
  "experiment_name": "exp_005_rnn_relu_adam_100_False",
  "config": {
    "embedding_dim": 100,
    "hidden_dim": 64,
    "num_layers": 2,
    "dropout": 0.3,
    "batch_size": 32,
    "epochs": 20,
    "learning_rate": 0.001,
    "patience": 5,
    "min_delta": 0.001,
    "clip_value": 1.0,
    "experiment_name": "exp_005_rnn_relu_adam_100_False",
    "architecture": "rnn",
    "activation": "relu",
    "optimizer": "adam",
    "sequence_length": 100,
    "gradient_clipping": false
  },
  "test_metrics": {
    "accuracy": 0.80964,
    "f1_score": 0.8096297995077691,
    "f1_weighted": 0.8096316946811891,
    "precision": 0.8096809168849004,
    "recall": 0.80964,
    "roc_auc": 0.8861426630094695,
    "loss": 0.614043143218207,
    "avg_inference_time": 0.0002887892296247165,
    "total_inference_time": 0.22583317756652832,
    "num_samples": 25000,
    "num_batches": 782,
    "confusion_matrix": [
      [
        10212,
        2305
      ],
      [
        2454,
        10029
      ]
    ],
    "classification_report": {
      "Negative": {
        "precision": 0.8062529606821411,
        "recall": 0.8158504433969801,
        "f1-score": 0.8110233093753723,
        "support": 12517.0
      },
      "Positive": {
        "precision": 0.8131182098264959,
        "recall": 0.8034126411920212,
        "f1-score": 0.808236289640166,
        "support": 12483.0
      },
      "accuracy": 0.80964,
      "macro avg": {
        "precision": 0.8096855852543186,
        "recall": 0.8096315422945006,
        "f1-score": 0.8096297995077691,
        "support": 25000.0
      },
      "weighted avg": {
        "precision": 0.8096809168849004,
        "recall": 0.80964,
        "f1-score": 0.8096316946811891,
        "support": 25000.0
      }
    },
    "true_positives": 10029,
    "true_negatives": 10212,
    "false_positives": 2305,
    "false_negatives": 2454,
    "positive_samples": 12483,
    "negative_samples": 12517,
    "predicted_positive": 12334,
    "predicted_negative": 12666
  },
  "avg_epoch_time": 2.0610278844833374,
  "total_training_time": 28.205301523208618,
  "model_path": "../results/exp_005_rnn_relu_adam_100_False_model.pth"
}