{
  "experiment_name": "exp_109_bilstm_relu_adam_25_False",
  "config": {
    "embedding_dim": 100,
    "hidden_dim": 64,
    "num_layers": 2,
    "dropout": 0.3,
    "batch_size": 32,
    "epochs": 20,
    "learning_rate": 0.001,
    "patience": 5,
    "min_delta": 0.001,
    "clip_value": 1.0,
    "experiment_name": "exp_109_bilstm_relu_adam_25_False",
    "architecture": "bilstm",
    "activation": "relu",
    "optimizer": "adam",
    "sequence_length": 25,
    "gradient_clipping": false
  },
  "test_metrics": {
    "accuracy": 0.69988,
    "f1_score": 0.6998569677440479,
    "f1_weighted": 0.6998605435280769,
    "precision": 0.6999177507582846,
    "recall": 0.69988,
    "roc_auc": 0.7678879034854663,
    "loss": 0.7707653936294033,
    "avg_inference_time": 0.00033998306450026724,
    "total_inference_time": 0.265866756439209,
    "num_samples": 25000,
    "num_batches": 782,
    "confusion_matrix": [
      [
        8858,
        3659
      ],
      [
        3844,
        8639
      ]
    ],
    "classification_report": {
      "Negative": {
        "precision": 0.6973704928357739,
        "recall": 0.7076775585204123,
        "f1-score": 0.70248622070661,
        "support": 12517.0
      },
      "Positive": {
        "precision": 0.7024719466579932,
        "recall": 0.6920612032364015,
        "f1-score": 0.6972277147814858,
        "support": 12483.0
      },
      "accuracy": 0.69988,
      "macro avg": {
        "precision": 0.6999212197468836,
        "recall": 0.6998693808784069,
        "f1-score": 0.6998569677440479,
        "support": 25000.0
      },
      "weighted avg": {
        "precision": 0.6999177507582846,
        "recall": 0.69988,
        "f1-score": 0.6998605435280769,
        "support": 25000.0
      }
    },
    "true_positives": 8639,
    "true_negatives": 8858,
    "false_positives": 3659,
    "false_negatives": 3844,
    "positive_samples": 12483,
    "negative_samples": 12517,
    "predicted_positive": 12298,
    "predicted_negative": 12702
  },
  "avg_epoch_time": 2.1205140749613443,
  "total_training_time": 17.15185308456421,
  "model_path": "../results/exp_109_bilstm_relu_adam_25_False_model.pth"
}