{
  "experiment_name": "exp_143_bilstm_sigmoid_rmsprop_100_False",
  "config": {
    "embedding_dim": 100,
    "hidden_dim": 64,
    "num_layers": 2,
    "dropout": 0.3,
    "batch_size": 32,
    "epochs": 20,
    "learning_rate": 0.001,
    "patience": 5,
    "min_delta": 0.001,
    "clip_value": 1.0,
    "experiment_name": "exp_143_bilstm_sigmoid_rmsprop_100_False",
    "architecture": "bilstm",
    "activation": "sigmoid",
    "optimizer": "rmsprop",
    "sequence_length": 100,
    "gradient_clipping": false
  },
  "test_metrics": {
    "accuracy": 0.82432,
    "f1_score": 0.824254128760299,
    "f1_weighted": 0.8242495014418076,
    "precision": 0.8248877592697886,
    "recall": 0.82432,
    "roc_auc": 0.9007282355869446,
    "loss": 0.46749255474647294,
    "avg_inference_time": 0.000328851782757303,
    "total_inference_time": 0.25716209411621094,
    "num_samples": 25000,
    "num_batches": 782,
    "confusion_matrix": [
      [
        10062,
        2455
      ],
      [
        1937,
        10546
      ]
    ],
    "classification_report": {
      "Negative": {
        "precision": 0.838569880823402,
        "recall": 0.8038667412319246,
        "f1-score": 0.8208516886930984,
        "support": 12517.0
      },
      "Positive": {
        "precision": 0.8111683716637181,
        "recall": 0.844828967395658,
        "f1-score": 0.8276565688274996,
        "support": 12483.0
      },
      "accuracy": 0.82432,
      "macro avg": {
        "precision": 0.8248691262435601,
        "recall": 0.8243478543137913,
        "f1-score": 0.824254128760299,
        "support": 25000.0
      },
      "weighted avg": {
        "precision": 0.8248877592697886,
        "recall": 0.82432,
        "f1-score": 0.8242495014418076,
        "support": 25000.0
      }
    },
    "true_positives": 10546,
    "true_negatives": 10062,
    "false_positives": 2455,
    "false_negatives": 1937,
    "positive_samples": 12483,
    "negative_samples": 12517,
    "predicted_positive": 13001,
    "predicted_negative": 11999
  },
  "avg_epoch_time": 2.425052122636275,
  "total_training_time": 35.939733028411865,
  "model_path": "../results/exp_143_bilstm_sigmoid_rmsprop_100_False_model.pth"
}