{
  "experiment_name": "exp_101_lstm_tanh_sgd_100_False",
  "config": {
    "embedding_dim": 100,
    "hidden_dim": 64,
    "num_layers": 2,
    "dropout": 0.3,
    "batch_size": 32,
    "epochs": 20,
    "learning_rate": 0.001,
    "patience": 5,
    "min_delta": 0.001,
    "clip_value": 1.0,
    "experiment_name": "exp_101_lstm_tanh_sgd_100_False",
    "architecture": "lstm",
    "activation": "tanh",
    "optimizer": "sgd",
    "sequence_length": 100,
    "gradient_clipping": false
  },
  "test_metrics": {
    "accuracy": 0.51296,
    "f1_score": 0.489658232568162,
    "f1_weighted": 0.48980654033541815,
    "precision": 0.5154714294197849,
    "recall": 0.51296,
    "roc_auc": 0.5225599681269171,
    "loss": 0.6931022871333314,
    "avg_inference_time": 0.0002931563750557278,
    "total_inference_time": 0.2292482852935791,
    "num_samples": 25000,
    "num_batches": 782,
    "confusion_matrix": [
      [
        9083,
        3434
      ],
      [
        8742,
        3741
      ]
    ],
    "classification_report": {
      "Negative": {
        "precision": 0.5095652173913043,
        "recall": 0.7256531117679955,
        "f1-score": 0.5987080614329972,
        "support": 12517.0
      },
      "Positive": {
        "precision": 0.5213937282229966,
        "recall": 0.2996875751021389,
        "f1-score": 0.3806084037033269,
        "support": 12483.0
      },
      "accuracy": 0.51296,
      "macro avg": {
        "precision": 0.5154794728071505,
        "recall": 0.5126703434350672,
        "f1-score": 0.489658232568162,
        "support": 25000.0
      },
      "weighted avg": {
        "precision": 0.5154714294197849,
        "recall": 0.51296,
        "f1-score": 0.48980654033541815,
        "support": 25000.0
      }
    },
    "true_positives": 3741,
    "true_negatives": 9083,
    "false_positives": 3434,
    "false_negatives": 8742,
    "positive_samples": 12483,
    "negative_samples": 12517,
    "predicted_positive": 7175,
    "predicted_negative": 17825
  },
  "avg_epoch_time": 1.9809269110361736,
  "total_training_time": 16.48382067680359,
  "model_path": "../results/exp_101_lstm_tanh_sgd_100_False_model.pth"
}