{
  "experiment_name": "exp_054_rnn_tanh_rmsprop_100_True",
  "config": {
    "embedding_dim": 100,
    "hidden_dim": 64,
    "num_layers": 2,
    "dropout": 0.3,
    "batch_size": 32,
    "epochs": 20,
    "learning_rate": 0.001,
    "patience": 5,
    "min_delta": 0.001,
    "clip_value": 1.0,
    "experiment_name": "exp_054_rnn_tanh_rmsprop_100_True",
    "architecture": "rnn",
    "activation": "tanh",
    "optimizer": "rmsprop",
    "sequence_length": 100,
    "gradient_clipping": true
  },
  "test_metrics": {
    "accuracy": 0.72868,
    "f1_score": 0.7276639779193117,
    "f1_weighted": 0.7276866005458628,
    "precision": 0.7319459146521496,
    "recall": 0.72868,
    "roc_auc": 0.7669055656685343,
    "loss": 0.5869972417535989,
    "avg_inference_time": 0.000268171510428114,
    "total_inference_time": 0.20971012115478516,
    "num_samples": 25000,
    "num_batches": 782,
    "confusion_matrix": [
      [
        9872,
        2645
      ],
      [
        4138,
        8345
      ]
    ],
    "classification_report": {
      "Negative": {
        "precision": 0.7046395431834404,
        "recall": 0.7886873851561876,
        "f1-score": 0.7442982621480001,
        "support": 12517.0
      },
      "Positive": {
        "precision": 0.759326660600546,
        "recall": 0.6685091724745654,
        "f1-score": 0.7110296936906233,
        "support": 12483.0
      },
      "accuracy": 0.72868,
      "macro avg": {
        "precision": 0.7319831018919931,
        "recall": 0.7285982788153765,
        "f1-score": 0.7276639779193117,
        "support": 25000.0
      },
      "weighted avg": {
        "precision": 0.7319459146521496,
        "recall": 0.72868,
        "f1-score": 0.7276866005458628,
        "support": 25000.0
      }
    },
    "true_positives": 8345,
    "true_negatives": 9872,
    "false_positives": 2645,
    "false_negatives": 4138,
    "positive_samples": 12483,
    "negative_samples": 12517,
    "predicted_positive": 10990,
    "predicted_negative": 14010
  },
  "avg_epoch_time": 2.0628818915440488,
  "total_training_time": 35.66235041618347,
  "model_path": "../results/exp_054_rnn_tanh_rmsprop_100_True_model.pth"
}