{
  "experiment_name": "exp_147_bilstm_tanh_adam_50_False",
  "config": {
    "embedding_dim": 100,
    "hidden_dim": 64,
    "num_layers": 2,
    "dropout": 0.3,
    "batch_size": 32,
    "epochs": 20,
    "learning_rate": 0.001,
    "patience": 5,
    "min_delta": 0.001,
    "clip_value": 1.0,
    "experiment_name": "exp_147_bilstm_tanh_adam_50_False",
    "architecture": "bilstm",
    "activation": "tanh",
    "optimizer": "adam",
    "sequence_length": 50,
    "gradient_clipping": false
  },
  "test_metrics": {
    "accuracy": 0.74732,
    "f1_score": 0.7465102242751533,
    "f1_weighted": 0.746529709324442,
    "precision": 0.7503296352007255,
    "recall": 0.74732,
    "roc_auc": 0.8161723255923334,
    "loss": 0.7437822898787916,
    "avg_inference_time": 0.00031958577578025096,
    "total_inference_time": 0.24991607666015625,
    "num_samples": 25000,
    "num_batches": 782,
    "confusion_matrix": [
      [
        10048,
        2469
      ],
      [
        3848,
        8635
      ]
    ],
    "classification_report": {
      "Negative": {
        "precision": 0.7230857800805988,
        "recall": 0.8027482623631861,
        "f1-score": 0.7608374663991216,
        "support": 12517.0
      },
      "Positive": {
        "precision": 0.7776476945244957,
        "recall": 0.6917407674437235,
        "f1-score": 0.7321829821511849,
        "support": 12483.0
      },
      "accuracy": 0.74732,
      "macro avg": {
        "precision": 0.7503667373025472,
        "recall": 0.7472445149034548,
        "f1-score": 0.7465102242751533,
        "support": 25000.0
      },
      "weighted avg": {
        "precision": 0.7503296352007255,
        "recall": 0.74732,
        "f1-score": 0.746529709324442,
        "support": 25000.0
      }
    },
    "true_positives": 8635,
    "true_negatives": 10048,
    "false_positives": 2469,
    "false_negatives": 3848,
    "positive_samples": 12483,
    "negative_samples": 12517,
    "predicted_positive": 11104,
    "predicted_negative": 13896
  },
  "avg_epoch_time": 2.1003666945866177,
  "total_training_time": 19.96988081932068,
  "model_path": "../results/exp_147_bilstm_tanh_adam_50_False_model.pth"
}