{
  "experiment_name": "exp_009_rnn_relu_sgd_50_False",
  "config": {
    "embedding_dim": 100,
    "hidden_dim": 64,
    "num_layers": 2,
    "dropout": 0.3,
    "batch_size": 32,
    "epochs": 20,
    "learning_rate": 0.001,
    "patience": 5,
    "min_delta": 0.001,
    "clip_value": 1.0,
    "experiment_name": "exp_009_rnn_relu_sgd_50_False",
    "architecture": "rnn",
    "activation": "relu",
    "optimizer": "sgd",
    "sequence_length": 50,
    "gradient_clipping": false
  },
  "test_metrics": {
    "accuracy": 0.52508,
    "f1_score": 0.5022420488795541,
    "f1_weighted": 0.5020970460152973,
    "precision": 0.5311389950961922,
    "recall": 0.52508,
    "roc_auc": 0.5381056768802599,
    "loss": 0.6931011217177067,
    "avg_inference_time": 0.00028723859421127593,
    "total_inference_time": 0.22462058067321777,
    "num_samples": 25000,
    "num_batches": 782,
    "confusion_matrix": [
      [
        3886,
        8631
      ],
      [
        3242,
        9241
      ]
    ],
    "classification_report": {
      "Negative": {
        "precision": 0.5451739618406285,
        "recall": 0.31045777742270514,
        "f1-score": 0.3956222957495546,
        "support": 12517.0
      },
      "Positive": {
        "precision": 0.5170658012533572,
        "recall": 0.7402867900344469,
        "f1-score": 0.6088618020095536,
        "support": 12483.0
      },
      "accuracy": 0.52508,
      "macro avg": {
        "precision": 0.5311198815469929,
        "recall": 0.525372283728576,
        "f1-score": 0.5022420488795541,
        "support": 25000.0
      },
      "weighted avg": {
        "precision": 0.5311389950961922,
        "recall": 0.52508,
        "f1-score": 0.5020970460152973,
        "support": 25000.0
      }
    },
    "true_positives": 9241,
    "true_negatives": 3886,
    "false_positives": 8631,
    "false_negatives": 3242,
    "positive_samples": 12483,
    "negative_samples": 12517,
    "predicted_positive": 17872,
    "predicted_negative": 7128
  },
  "avg_epoch_time": 1.7074565887451172,
  "total_training_time": 14.370294570922852,
  "model_path": "../results/exp_009_rnn_relu_sgd_50_False_model.pth"
}