{
  "experiment_name": "exp_103_lstm_tanh_rmsprop_25_False",
  "config": {
    "embedding_dim": 100,
    "hidden_dim": 64,
    "num_layers": 2,
    "dropout": 0.3,
    "batch_size": 32,
    "epochs": 20,
    "learning_rate": 0.001,
    "patience": 5,
    "min_delta": 0.001,
    "clip_value": 1.0,
    "experiment_name": "exp_103_lstm_tanh_rmsprop_25_False",
    "architecture": "lstm",
    "activation": "tanh",
    "optimizer": "rmsprop",
    "sequence_length": 25,
    "gradient_clipping": false
  },
  "test_metrics": {
    "accuracy": 0.70584,
    "f1_score": 0.7054445623883829,
    "f1_weighted": 0.7054298845731045,
    "precision": 0.7070661673548451,
    "recall": 0.70584,
    "roc_auc": 0.7809728716874235,
    "loss": 0.6220393165984117,
    "avg_inference_time": 0.0002831821246525211,
    "total_inference_time": 0.22144842147827148,
    "num_samples": 25000,
    "num_batches": 782,
    "confusion_matrix": [
      [
        8365,
        4152
      ],
      [
        3202,
        9281
      ]
    ],
    "classification_report": {
      "Negative": {
        "precision": 0.7231780063975102,
        "recall": 0.6682911240712631,
        "f1-score": 0.6946520511542933,
        "support": 12517.0
      },
      "Positive": {
        "precision": 0.6909104444279014,
        "recall": 0.7434911479612273,
        "f1-score": 0.7162370736224726,
        "support": 12483.0
      },
      "accuracy": 0.70584,
      "macro avg": {
        "precision": 0.7070442254127058,
        "recall": 0.7058911360162452,
        "f1-score": 0.7054445623883829,
        "support": 25000.0
      },
      "weighted avg": {
        "precision": 0.7070661673548451,
        "recall": 0.70584,
        "f1-score": 0.7054298845731045,
        "support": 25000.0
      }
    },
    "true_positives": 9281,
    "true_negatives": 8365,
    "false_positives": 4152,
    "false_negatives": 3202,
    "positive_samples": 12483,
    "negative_samples": 12517,
    "predicted_positive": 13433,
    "predicted_negative": 11567
  },
  "avg_epoch_time": 1.7753556569417317,
  "total_training_time": 14.617844820022583,
  "model_path": "../results/exp_103_lstm_tanh_rmsprop_25_False_model.pth"
}