{
  "experiment_name": "exp_067_lstm_relu_rmsprop_25_False",
  "config": {
    "embedding_dim": 100,
    "hidden_dim": 64,
    "num_layers": 2,
    "dropout": 0.3,
    "batch_size": 32,
    "epochs": 20,
    "learning_rate": 0.001,
    "patience": 5,
    "min_delta": 0.001,
    "clip_value": 1.0,
    "experiment_name": "exp_067_lstm_relu_rmsprop_25_False",
    "architecture": "lstm",
    "activation": "relu",
    "optimizer": "rmsprop",
    "sequence_length": 25,
    "gradient_clipping": false
  },
  "test_metrics": {
    "accuracy": 0.70836,
    "f1_score": 0.7083346652490268,
    "f1_weighted": 0.7083309683325757,
    "precision": 0.7084635776230492,
    "recall": 0.70836,
    "roc_auc": 0.7843440395227355,
    "loss": 0.6882879577596169,
    "avg_inference_time": 0.0002876895163065332,
    "total_inference_time": 0.22497320175170898,
    "num_samples": 25000,
    "num_batches": 782,
    "confusion_matrix": [
      [
        8738,
        3779
      ],
      [
        3512,
        8971
      ]
    ],
    "classification_report": {
      "Negative": {
        "precision": 0.7133061224489796,
        "recall": 0.6980905967883678,
        "f1-score": 0.7056163443291477,
        "support": 12517.0
      },
      "Positive": {
        "precision": 0.7036078431372549,
        "recall": 0.718657374028679,
        "f1-score": 0.7110529861689058,
        "support": 12483.0
      },
      "accuracy": 0.70836,
      "macro avg": {
        "precision": 0.7084569827931173,
        "recall": 0.7083739854085234,
        "f1-score": 0.7083346652490268,
        "support": 25000.0
      },
      "weighted avg": {
        "precision": 0.7084635776230492,
        "recall": 0.70836,
        "f1-score": 0.7083309683325757,
        "support": 25000.0
      }
    },
    "true_positives": 8971,
    "true_negatives": 8738,
    "false_positives": 3779,
    "false_negatives": 3512,
    "positive_samples": 12483,
    "negative_samples": 12517,
    "predicted_positive": 12750,
    "predicted_negative": 12250
  },
  "avg_epoch_time": 1.7640106678009033,
  "total_training_time": 14.543826580047607,
  "model_path": "../results/exp_067_lstm_relu_rmsprop_25_False_model.pth"
}