{
  "experiment_name": "exp_148_bilstm_tanh_adam_50_True",
  "config": {
    "embedding_dim": 100,
    "hidden_dim": 64,
    "num_layers": 2,
    "dropout": 0.3,
    "batch_size": 32,
    "epochs": 20,
    "learning_rate": 0.001,
    "patience": 5,
    "min_delta": 0.001,
    "clip_value": 1.0,
    "experiment_name": "exp_148_bilstm_tanh_adam_50_True",
    "architecture": "bilstm",
    "activation": "tanh",
    "optimizer": "adam",
    "sequence_length": 50,
    "gradient_clipping": true
  },
  "test_metrics": {
    "accuracy": 0.75508,
    "f1_score": 0.7550236981744471,
    "f1_weighted": 0.7550287489978478,
    "precision": 0.7552652718077362,
    "recall": 0.75508,
    "roc_auc": 0.8242994190242054,
    "loss": 0.6632513025075274,
    "avg_inference_time": 0.00032541727470924785,
    "total_inference_time": 0.25447630882263184,
    "num_samples": 25000,
    "num_batches": 782,
    "confusion_matrix": [
      [
        9628,
        2889
      ],
      [
        3234,
        9249
      ]
    ],
    "classification_report": {
      "Negative": {
        "precision": 0.748561654486083,
        "recall": 0.7691938963010306,
        "f1-score": 0.7587375389101225,
        "support": 12517.0
      },
      "Positive": {
        "precision": 0.7619871478002966,
        "recall": 0.740927661619803,
        "f1-score": 0.7513098574387718,
        "support": 12483.0
      },
      "accuracy": 0.75508,
      "macro avg": {
        "precision": 0.7552744011431898,
        "recall": 0.7550607789604168,
        "f1-score": 0.7550236981744471,
        "support": 25000.0
      },
      "weighted avg": {
        "precision": 0.7552652718077362,
        "recall": 0.75508,
        "f1-score": 0.7550287489978478,
        "support": 25000.0
      }
    },
    "true_positives": 9249,
    "true_negatives": 9628,
    "false_positives": 2889,
    "false_negatives": 3234,
    "positive_samples": 12483,
    "negative_samples": 12517,
    "predicted_positive": 12138,
    "predicted_negative": 12862
  },
  "avg_epoch_time": 2.332780639330546,
  "total_training_time": 18.6579167842865,
  "model_path": "../results/exp_148_bilstm_tanh_adam_50_True_model.pth"
}