{
  "experiment_name": "exp_012_rnn_relu_sgd_100_True",
  "config": {
    "embedding_dim": 100,
    "hidden_dim": 64,
    "num_layers": 2,
    "dropout": 0.3,
    "batch_size": 32,
    "epochs": 20,
    "learning_rate": 0.001,
    "patience": 5,
    "min_delta": 0.001,
    "clip_value": 1.0,
    "experiment_name": "exp_012_rnn_relu_sgd_100_True",
    "architecture": "rnn",
    "activation": "relu",
    "optimizer": "sgd",
    "sequence_length": 100,
    "gradient_clipping": true
  },
  "test_metrics": {
    "accuracy": 0.51688,
    "f1_score": 0.46124116290089556,
    "f1_weighted": 0.46147662723514615,
    "precision": 0.5279111038290569,
    "recall": 0.51688,
    "roc_auc": 0.5342655097774869,
    "loss": 0.6930565071837677,
    "avg_inference_time": 0.00028757975839288033,
    "total_inference_time": 0.22488737106323242,
    "num_samples": 25000,
    "num_batches": 782,
    "confusion_matrix": [
      [
        10478,
        2039
      ],
      [
        10039,
        2444
      ]
    ],
    "classification_report": {
      "Negative": {
        "precision": 0.5106984451917922,
        "recall": 0.8371015419030119,
        "f1-score": 0.6343767027910637,
        "support": 12517.0
      },
      "Positive": {
        "precision": 0.5451706446575953,
        "recall": 0.19578626932628374,
        "f1-score": 0.28810562301072734,
        "support": 12483.0
      },
      "accuracy": 0.51688,
      "macro avg": {
        "precision": 0.5279345449246937,
        "recall": 0.5164439056146478,
        "f1-score": 0.46124116290089556,
        "support": 25000.0
      },
      "weighted avg": {
        "precision": 0.5279111038290569,
        "recall": 0.51688,
        "f1-score": 0.46147662723514615,
        "support": 25000.0
      }
    },
    "true_positives": 2444,
    "true_negatives": 10478,
    "false_positives": 2039,
    "false_negatives": 10039,
    "positive_samples": 12483,
    "negative_samples": 12517,
    "predicted_positive": 4483,
    "predicted_negative": 20517
  },
  "avg_epoch_time": 2.1493642330169678,
  "total_training_time": 17.529500722885132,
  "model_path": "../results/exp_012_rnn_relu_sgd_100_True_model.pth"
}