{
  "experiment_name": "exp_099_lstm_tanh_sgd_50_False",
  "config": {
    "embedding_dim": 100,
    "hidden_dim": 64,
    "num_layers": 2,
    "dropout": 0.3,
    "batch_size": 32,
    "epochs": 20,
    "learning_rate": 0.001,
    "patience": 5,
    "min_delta": 0.001,
    "clip_value": 1.0,
    "experiment_name": "exp_099_lstm_tanh_sgd_50_False",
    "architecture": "lstm",
    "activation": "tanh",
    "optimizer": "sgd",
    "sequence_length": 50,
    "gradient_clipping": false
  },
  "test_metrics": {
    "accuracy": 0.50084,
    "f1_score": 0.33477252756879305,
    "f1_weighted": 0.3352245565546758,
    "precision": 0.5387901437186982,
    "recall": 0.50084,
    "roc_auc": 0.5307192024182368,
    "loss": 0.6930959745288809,
    "avg_inference_time": 0.00028997674927382214,
    "total_inference_time": 0.2267618179321289,
    "num_samples": 25000,
    "num_batches": 782,
    "confusion_matrix": [
      [
        12506,
        11
      ],
      [
        12468,
        15
      ]
    ],
    "classification_report": {
      "Negative": {
        "precision": 0.5007607912228718,
        "recall": 0.9991211951745625,
        "f1-score": 0.6671467818943213,
        "support": 12517.0
      },
      "Positive": {
        "precision": 0.5769230769230769,
        "recall": 0.001201634222542658,
        "f1-score": 0.0023982732432648495,
        "support": 12483.0
      },
      "accuracy": 0.50084,
      "macro avg": {
        "precision": 0.5388419340729743,
        "recall": 0.5001614146985526,
        "f1-score": 0.33477252756879305,
        "support": 25000.0
      },
      "weighted avg": {
        "precision": 0.5387901437186982,
        "recall": 0.50084,
        "f1-score": 0.3352245565546758,
        "support": 25000.0
      }
    },
    "true_positives": 15,
    "true_negatives": 12506,
    "false_positives": 11,
    "false_negatives": 12468,
    "positive_samples": 12483,
    "negative_samples": 12517,
    "predicted_positive": 26,
    "predicted_negative": 24974
  },
  "avg_epoch_time": 1.7283851703008015,
  "total_training_time": 14.489746570587158,
  "model_path": "../results/exp_099_lstm_tanh_sgd_50_False_model.pth"
}