{
  "experiment_name": "exp_162_bilstm_tanh_rmsprop_100_True",
  "config": {
    "embedding_dim": 100,
    "hidden_dim": 64,
    "num_layers": 2,
    "dropout": 0.3,
    "batch_size": 32,
    "epochs": 20,
    "learning_rate": 0.001,
    "patience": 5,
    "min_delta": 0.001,
    "clip_value": 1.0,
    "experiment_name": "exp_162_bilstm_tanh_rmsprop_100_True",
    "architecture": "bilstm",
    "activation": "tanh",
    "optimizer": "rmsprop",
    "sequence_length": 100,
    "gradient_clipping": true
  },
  "test_metrics": {
    "accuracy": 0.80592,
    "f1_score": 0.8053354144630491,
    "f1_weighted": 0.8053499224252801,
    "precision": 0.809427509230884,
    "recall": 0.80592,
    "roc_auc": 0.8829103082309061,
    "loss": 0.5857584475232359,
    "avg_inference_time": 0.0003339232081342536,
    "total_inference_time": 0.26112794876098633,
    "num_samples": 25000,
    "num_batches": 782,
    "confusion_matrix": [
      [
        10759,
        1758
      ],
      [
        3094,
        9389
      ]
    ],
    "classification_report": {
      "Negative": {
        "precision": 0.7766548762001011,
        "recall": 0.8595510106255493,
        "f1-score": 0.816003033750474,
        "support": 12517.0
      },
      "Positive": {
        "precision": 0.8422894052211357,
        "recall": 0.7521429143635344,
        "f1-score": 0.7946677951756242,
        "support": 12483.0
      },
      "accuracy": 0.80592,
      "macro avg": {
        "precision": 0.8094721407106185,
        "recall": 0.8058469624945419,
        "f1-score": 0.8053354144630491,
        "support": 25000.0
      },
      "weighted avg": {
        "precision": 0.809427509230884,
        "recall": 0.80592,
        "f1-score": 0.8053499224252801,
        "support": 25000.0
      }
    },
    "true_positives": 9389,
    "true_negatives": 10759,
    "false_positives": 1758,
    "false_negatives": 3094,
    "positive_samples": 12483,
    "negative_samples": 12517,
    "predicted_positive": 11147,
    "predicted_negative": 13853
  },
  "avg_epoch_time": 2.6352449655532837,
  "total_training_time": 27.911713361740112,
  "model_path": "../results/exp_162_bilstm_tanh_rmsprop_100_True_model.pth"
}