{
  "experiment_name": "exp_155_bilstm_tanh_sgd_100_False",
  "config": {
    "embedding_dim": 100,
    "hidden_dim": 64,
    "num_layers": 2,
    "dropout": 0.3,
    "batch_size": 32,
    "epochs": 20,
    "learning_rate": 0.001,
    "patience": 5,
    "min_delta": 0.001,
    "clip_value": 1.0,
    "experiment_name": "exp_155_bilstm_tanh_sgd_100_False",
    "architecture": "bilstm",
    "activation": "tanh",
    "optimizer": "sgd",
    "sequence_length": 100,
    "gradient_clipping": false
  },
  "test_metrics": {
    "accuracy": 0.50056,
    "f1_score": 0.33457657125774454,
    "f1_weighted": 0.33502855240280593,
    "precision": 0.4761501618393905,
    "recall": 0.50056,
    "roc_auc": 0.4896906273317843,
    "loss": 0.693160317056929,
    "avg_inference_time": 0.00032642003520370444,
    "total_inference_time": 0.2552604675292969,
    "num_samples": 25000,
    "num_batches": 782,
    "confusion_matrix": [
      [
        12500,
        17
      ],
      [
        12469,
        14
      ]
    ],
    "classification_report": {
      "Negative": {
        "precision": 0.5006207697544955,
        "recall": 0.9986418470879603,
        "f1-score": 0.6669156485087766,
        "support": 12517.0
      },
      "Positive": {
        "precision": 0.45161290322580644,
        "recall": 0.0011215252743731474,
        "f1-score": 0.002237494006712482,
        "support": 12483.0
      },
      "accuracy": 0.50056,
      "macro avg": {
        "precision": 0.476116836490151,
        "recall": 0.49988168618116674,
        "f1-score": 0.33457657125774454,
        "support": 25000.0
      },
      "weighted avg": {
        "precision": 0.4761501618393905,
        "recall": 0.50056,
        "f1-score": 0.33502855240280593,
        "support": 25000.0
      }
    },
    "true_positives": 14,
    "true_negatives": 12500,
    "false_positives": 17,
    "false_negatives": 12469,
    "positive_samples": 12483,
    "negative_samples": 12517,
    "predicted_positive": 31,
    "predicted_negative": 24969
  },
  "avg_epoch_time": 2.3599176009496055,
  "total_training_time": 19.18346381187439,
  "model_path": "../results/exp_155_bilstm_tanh_sgd_100_False_model.pth"
}