{
  "experiment_name": "exp_050_rnn_tanh_rmsprop_25_True",
  "config": {
    "embedding_dim": 100,
    "hidden_dim": 64,
    "num_layers": 2,
    "dropout": 0.3,
    "batch_size": 32,
    "epochs": 20,
    "learning_rate": 0.001,
    "patience": 5,
    "min_delta": 0.001,
    "clip_value": 1.0,
    "experiment_name": "exp_050_rnn_tanh_rmsprop_25_True",
    "architecture": "rnn",
    "activation": "tanh",
    "optimizer": "rmsprop",
    "sequence_length": 25,
    "gradient_clipping": true
  },
  "test_metrics": {
    "accuracy": 0.68468,
    "f1_score": 0.6840447322502075,
    "f1_weighted": 0.6840639999607275,
    "precision": 0.686049952542193,
    "recall": 0.68468,
    "roc_auc": 0.7491341375985009,
    "loss": 0.661383521926525,
    "avg_inference_time": 0.0002711627184582488,
    "total_inference_time": 0.21204924583435059,
    "num_samples": 25000,
    "num_batches": 782,
    "confusion_matrix": [
      [
        9119,
        3398
      ],
      [
        4485,
        7998
      ]
    ],
    "classification_report": {
      "Negative": {
        "precision": 0.670317553660688,
        "recall": 0.7285292002876088,
        "f1-score": 0.6982121664561081,
        "support": 12517.0
      },
      "Positive": {
        "precision": 0.7018252018252018,
        "recall": 0.6407113674597452,
        "f1-score": 0.6698772980443067,
        "support": 12483.0
      },
      "accuracy": 0.68468,
      "macro avg": {
        "precision": 0.6860713777429449,
        "recall": 0.684620283873677,
        "f1-score": 0.6840447322502075,
        "support": 25000.0
      },
      "weighted avg": {
        "precision": 0.686049952542193,
        "recall": 0.68468,
        "f1-score": 0.6840639999607275,
        "support": 25000.0
      }
    },
    "true_positives": 7998,
    "true_negatives": 9119,
    "false_positives": 3398,
    "false_negatives": 4485,
    "positive_samples": 12483,
    "negative_samples": 12517,
    "predicted_positive": 11396,
    "predicted_negative": 13604
  },
  "avg_epoch_time": 1.7906106540134974,
  "total_training_time": 16.78248906135559,
  "model_path": "../results/exp_050_rnn_tanh_rmsprop_25_True_model.pth"
}