{
  "experiment_name": "exp_047_rnn_tanh_sgd_100_False",
  "config": {
    "embedding_dim": 100,
    "hidden_dim": 64,
    "num_layers": 2,
    "dropout": 0.3,
    "batch_size": 32,
    "epochs": 20,
    "learning_rate": 0.001,
    "patience": 5,
    "min_delta": 0.001,
    "clip_value": 1.0,
    "experiment_name": "exp_047_rnn_tanh_sgd_100_False",
    "architecture": "rnn",
    "activation": "tanh",
    "optimizer": "sgd",
    "sequence_length": 100,
    "gradient_clipping": false
  },
  "test_metrics": {
    "accuracy": 0.56996,
    "f1_score": 0.5569689392443893,
    "f1_weighted": 0.5568657633355617,
    "precision": 0.5796433627329736,
    "recall": 0.56996,
    "roc_auc": 0.5934187839873829,
    "loss": 0.6974773120392314,
    "avg_inference_time": 0.00026985934323362073,
    "total_inference_time": 0.2110300064086914,
    "num_samples": 25000,
    "num_batches": 782,
    "confusion_matrix": [
      [
        4984,
        7533
      ],
      [
        3218,
        9265
      ]
    ],
    "classification_report": {
      "Negative": {
        "precision": 0.6076566691050963,
        "recall": 0.39817847727091155,
        "f1-score": 0.4811043004005985,
        "support": 12517.0
      },
      "Positive": {
        "precision": 0.5515537563995714,
        "recall": 0.7422094047905151,
        "f1-score": 0.6328335780881801,
        "support": 12483.0
      },
      "accuracy": 0.56996,
      "macro avg": {
        "precision": 0.5796052127523339,
        "recall": 0.5701939410307133,
        "f1-score": 0.5569689392443893,
        "support": 25000.0
      },
      "weighted avg": {
        "precision": 0.5796433627329736,
        "recall": 0.56996,
        "f1-score": 0.5568657633355617,
        "support": 25000.0
      }
    },
    "true_positives": 9265,
    "true_negatives": 4984,
    "false_positives": 7533,
    "false_negatives": 3218,
    "positive_samples": 12483,
    "negative_samples": 12517,
    "predicted_positive": 16798,
    "predicted_negative": 8202
  },
  "avg_epoch_time": 1.863115119934082,
  "total_training_time": 25.467018365859985,
  "model_path": "../results/exp_047_rnn_tanh_sgd_100_False_model.pth"
}