{
  "experiment_name": "exp_113_bilstm_relu_adam_100_False",
  "config": {
    "embedding_dim": 100,
    "hidden_dim": 64,
    "num_layers": 2,
    "dropout": 0.3,
    "batch_size": 32,
    "epochs": 20,
    "learning_rate": 0.001,
    "patience": 5,
    "min_delta": 0.001,
    "clip_value": 1.0,
    "experiment_name": "exp_113_bilstm_relu_adam_100_False",
    "architecture": "bilstm",
    "activation": "relu",
    "optimizer": "adam",
    "sequence_length": 100,
    "gradient_clipping": false
  },
  "test_metrics": {
    "accuracy": 0.81352,
    "f1_score": 0.813511777808879,
    "f1_weighted": 0.8135134618721205,
    "precision": 0.8135522881804154,
    "recall": 0.81352,
    "roc_auc": 0.8789382560841985,
    "loss": 0.5670501301088906,
    "avg_inference_time": 0.0003336250324688299,
    "total_inference_time": 0.260894775390625,
    "num_samples": 25000,
    "num_batches": 782,
    "confusion_matrix": [
      [
        10252,
        2265
      ],
      [
        2397,
        10086
      ]
    ],
    "classification_report": {
      "Negative": {
        "precision": 0.8104988536643213,
        "recall": 0.8190460973076615,
        "f1-score": 0.814750059604228,
        "support": 12517.0
      },
      "Positive": {
        "precision": 0.8166140393490405,
        "recall": 0.8079788512376832,
        "f1-score": 0.8122734960135298,
        "support": 12483.0
      },
      "accuracy": 0.81352,
      "macro avg": {
        "precision": 0.8135564465066809,
        "recall": 0.8135124742726724,
        "f1-score": 0.813511777808879,
        "support": 25000.0
      },
      "weighted avg": {
        "precision": 0.8135522881804154,
        "recall": 0.81352,
        "f1-score": 0.8135134618721205,
        "support": 25000.0
      }
    },
    "true_positives": 10086,
    "true_negatives": 10252,
    "false_positives": 2265,
    "false_negatives": 2397,
    "positive_samples": 12483,
    "negative_samples": 12517,
    "predicted_positive": 12351,
    "predicted_negative": 12649
  },
  "avg_epoch_time": 2.4798543453216553,
  "total_training_time": 26.57120370864868,
  "model_path": "../results/exp_113_bilstm_relu_adam_100_False_model.pth"
}