{
  "experiment_name": "exp_041_rnn_tanh_adam_100_False",
  "config": {
    "embedding_dim": 100,
    "hidden_dim": 64,
    "num_layers": 2,
    "dropout": 0.3,
    "batch_size": 32,
    "epochs": 20,
    "learning_rate": 0.001,
    "patience": 5,
    "min_delta": 0.001,
    "clip_value": 1.0,
    "experiment_name": "exp_041_rnn_tanh_adam_100_False",
    "architecture": "rnn",
    "activation": "tanh",
    "optimizer": "adam",
    "sequence_length": 100,
    "gradient_clipping": false
  },
  "test_metrics": {
    "accuracy": 0.68108,
    "f1_score": 0.6805471828573519,
    "f1_weighted": 0.6805294396812012,
    "precision": 0.6824157155578464,
    "recall": 0.68108,
    "roc_auc": 0.7219055016364158,
    "loss": 0.6405439913044195,
    "avg_inference_time": 0.00029015724006516244,
    "total_inference_time": 0.22690296173095703,
    "num_samples": 25000,
    "num_batches": 782,
    "confusion_matrix": [
      [
        8003,
        4514
      ],
      [
        3459,
        9024
      ]
    ],
    "classification_report": {
      "Negative": {
        "precision": 0.6982202058977491,
        "recall": 0.6393704561795958,
        "f1-score": 0.6675007298052462,
        "support": 12517.0
      },
      "Positive": {
        "precision": 0.6665681784606293,
        "recall": 0.722903148281663,
        "f1-score": 0.6935936359094578,
        "support": 12483.0
      },
      "accuracy": 0.68108,
      "macro avg": {
        "precision": 0.6823941921791892,
        "recall": 0.6811368022306294,
        "f1-score": 0.6805471828573519,
        "support": 25000.0
      },
      "weighted avg": {
        "precision": 0.6824157155578464,
        "recall": 0.68108,
        "f1-score": 0.6805294396812012,
        "support": 25000.0
      }
    },
    "true_positives": 9024,
    "true_negatives": 8003,
    "false_positives": 4514,
    "false_negatives": 3459,
    "positive_samples": 12483,
    "negative_samples": 12517,
    "predicted_positive": 13538,
    "predicted_negative": 11462
  },
  "avg_epoch_time": 1.9175438046455384,
  "total_training_time": 51.894253969192505,
  "model_path": "../results/exp_041_rnn_tanh_adam_100_False_model.pth"
}