{
  "experiment_name": "exp_036_rnn_sigmoid_rmsprop_100_True",
  "config": {
    "embedding_dim": 100,
    "hidden_dim": 64,
    "num_layers": 2,
    "dropout": 0.3,
    "batch_size": 32,
    "epochs": 20,
    "learning_rate": 0.001,
    "patience": 5,
    "min_delta": 0.001,
    "clip_value": 1.0,
    "experiment_name": "exp_036_rnn_sigmoid_rmsprop_100_True",
    "architecture": "rnn",
    "activation": "sigmoid",
    "optimizer": "rmsprop",
    "sequence_length": 100,
    "gradient_clipping": true
  },
  "test_metrics": {
    "accuracy": 0.81332,
    "f1_score": 0.8127732376417872,
    "f1_weighted": 0.8127594775232238,
    "precision": 0.8172416169321317,
    "recall": 0.81332,
    "roc_auc": 0.8885054129796118,
    "loss": 0.5363144171626671,
    "avg_inference_time": 0.0002924209970342534,
    "total_inference_time": 0.22867321968078613,
    "num_samples": 25000,
    "num_batches": 782,
    "confusion_matrix": [
      [
        9491,
        3026
      ],
      [
        1641,
        10842
      ]
    ],
    "classification_report": {
      "Negative": {
        "precision": 0.8525871361839741,
        "recall": 0.7582487816569465,
        "f1-score": 0.8026555034039494,
        "support": 12517.0
      },
      "Positive": {
        "precision": 0.7817998269397173,
        "recall": 0.8685412160538332,
        "f1-score": 0.822890971879625,
        "support": 12483.0
      },
      "accuracy": 0.81332,
      "macro avg": {
        "precision": 0.8171934815618457,
        "recall": 0.8133949988553899,
        "f1-score": 0.8127732376417872,
        "support": 25000.0
      },
      "weighted avg": {
        "precision": 0.8172416169321317,
        "recall": 0.81332,
        "f1-score": 0.8127594775232238,
        "support": 25000.0
      }
    },
    "true_positives": 10842,
    "true_negatives": 9491,
    "false_positives": 3026,
    "false_negatives": 1641,
    "positive_samples": 12483,
    "negative_samples": 12517,
    "predicted_positive": 13868,
    "predicted_negative": 11132
  },
  "avg_epoch_time": 2.22670316696167,
  "total_training_time": 33.05139756202698,
  "model_path": "../results/exp_036_rnn_sigmoid_rmsprop_100_True_model.pth"
}