{
  "experiment_name": "exp_120_bilstm_relu_sgd_100_True",
  "config": {
    "embedding_dim": 100,
    "hidden_dim": 64,
    "num_layers": 2,
    "dropout": 0.3,
    "batch_size": 32,
    "epochs": 20,
    "learning_rate": 0.001,
    "patience": 5,
    "min_delta": 0.001,
    "clip_value": 1.0,
    "experiment_name": "exp_120_bilstm_relu_sgd_100_True",
    "architecture": "bilstm",
    "activation": "relu",
    "optimizer": "sgd",
    "sequence_length": 100,
    "gradient_clipping": true
  },
  "test_metrics": {
    "accuracy": 0.51132,
    "f1_score": 0.42710731962895765,
    "f1_weighted": 0.4274060396219274,
    "precision": 0.5260531264099729,
    "recall": 0.51132,
    "roc_auc": 0.5197187980718889,
    "loss": 0.6930824919887211,
    "avg_inference_time": 0.0003295142937194356,
    "total_inference_time": 0.25768017768859863,
    "num_samples": 25000,
    "num_batches": 782,
    "confusion_matrix": [
      [
        11184,
        1333
      ],
      [
        10884,
        1599
      ]
    ],
    "classification_report": {
      "Negative": {
        "precision": 0.5067971723762915,
        "recall": 0.8935048334265399,
        "f1-score": 0.6467543732832153,
        "support": 12517.0
      },
      "Positive": {
        "precision": 0.5453615279672579,
        "recall": 0.12809420812304734,
        "f1-score": 0.20746026597469996,
        "support": 12483.0
      },
      "accuracy": 0.51132,
      "macro avg": {
        "precision": 0.5260793501717747,
        "recall": 0.5107995207747936,
        "f1-score": 0.42710731962895765,
        "support": 25000.0
      },
      "weighted avg": {
        "precision": 0.5260531264099729,
        "recall": 0.51132,
        "f1-score": 0.4274060396219274,
        "support": 25000.0
      }
    },
    "true_positives": 1599,
    "true_negatives": 11184,
    "false_positives": 1333,
    "false_negatives": 10884,
    "positive_samples": 12483,
    "negative_samples": 12517,
    "predicted_positive": 2932,
    "predicted_negative": 22068
  },
  "avg_epoch_time": 2.5514958699544272,
  "total_training_time": 20.42242932319641,
  "model_path": "../results/exp_120_bilstm_relu_sgd_100_True_model.pth"
}