{
  "experiment_name": "exp_089_lstm_sigmoid_rmsprop_100_False",
  "config": {
    "embedding_dim": 100,
    "hidden_dim": 64,
    "num_layers": 2,
    "dropout": 0.3,
    "batch_size": 32,
    "epochs": 20,
    "learning_rate": 0.001,
    "patience": 5,
    "min_delta": 0.001,
    "clip_value": 1.0,
    "experiment_name": "exp_089_lstm_sigmoid_rmsprop_100_False",
    "architecture": "lstm",
    "activation": "sigmoid",
    "optimizer": "rmsprop",
    "sequence_length": 100,
    "gradient_clipping": false
  },
  "test_metrics": {
    "accuracy": 0.81832,
    "f1_score": 0.817994030511952,
    "f1_weighted": 0.8180045059019271,
    "precision": 0.8204507460859467,
    "recall": 0.81832,
    "roc_auc": 0.8957724504207242,
    "loss": 0.5266763624518424,
    "avg_inference_time": 0.0002923588008831834,
    "total_inference_time": 0.22862458229064941,
    "num_samples": 25000,
    "num_batches": 782,
    "confusion_matrix": [
      [
        10758,
        1759
      ],
      [
        2783,
        9700
      ]
    ],
    "classification_report": {
      "Negative": {
        "precision": 0.7944760357432982,
        "recall": 0.8594711192777822,
        "f1-score": 0.8256965231406862,
        "support": 12517.0
      },
      "Positive": {
        "precision": 0.8464962038572301,
        "recall": 0.7770567972442521,
        "f1-score": 0.8102915378832177,
        "support": 12483.0
      },
      "accuracy": 0.81832,
      "macro avg": {
        "precision": 0.8204861198002642,
        "recall": 0.8182639582610172,
        "f1-score": 0.817994030511952,
        "support": 25000.0
      },
      "weighted avg": {
        "precision": 0.8204507460859467,
        "recall": 0.81832,
        "f1-score": 0.8180045059019271,
        "support": 25000.0
      }
    },
    "true_positives": 9700,
    "true_negatives": 10758,
    "false_positives": 1759,
    "false_negatives": 2783,
    "positive_samples": 12483,
    "negative_samples": 12517,
    "predicted_positive": 11459,
    "predicted_negative": 13541
  },
  "avg_epoch_time": 2.029580983248624,
  "total_training_time": 30.721017360687256,
  "model_path": "../results/exp_089_lstm_sigmoid_rmsprop_100_False_model.pth"
}