{
  "experiment_name": "exp_015_rnn_relu_rmsprop_50_False",
  "config": {
    "embedding_dim": 100,
    "hidden_dim": 64,
    "num_layers": 2,
    "dropout": 0.3,
    "batch_size": 32,
    "epochs": 20,
    "learning_rate": 0.001,
    "patience": 5,
    "min_delta": 0.001,
    "clip_value": 1.0,
    "experiment_name": "exp_015_rnn_relu_rmsprop_50_False",
    "architecture": "rnn",
    "activation": "relu",
    "optimizer": "rmsprop",
    "sequence_length": 50,
    "gradient_clipping": false
  },
  "test_metrics": {
    "accuracy": 0.75536,
    "f1_score": 0.7552074938770174,
    "f1_weighted": 0.7552158035055132,
    "precision": 0.7559145048547791,
    "recall": 0.75536,
    "roc_auc": 0.8307614309763427,
    "loss": 0.663294479555791,
    "avg_inference_time": 0.0002893645440221138,
    "total_inference_time": 0.22628307342529297,
    "num_samples": 25000,
    "num_batches": 782,
    "confusion_matrix": [
      [
        9754,
        2763
      ],
      [
        3353,
        9130
      ]
    ],
    "classification_report": {
      "Negative": {
        "precision": 0.7441824979018845,
        "recall": 0.7792602061196773,
        "f1-score": 0.761317514829847,
        "support": 12517.0
      },
      "Positive": {
        "precision": 0.7676784663247288,
        "recall": 0.7313946967876311,
        "f1-score": 0.7490974729241877,
        "support": 12483.0
      },
      "accuracy": 0.75536,
      "macro avg": {
        "precision": 0.7559304821133066,
        "recall": 0.7553274514536542,
        "f1-score": 0.7552074938770174,
        "support": 25000.0
      },
      "weighted avg": {
        "precision": 0.7559145048547791,
        "recall": 0.75536,
        "f1-score": 0.7552158035055132,
        "support": 25000.0
      }
    },
    "true_positives": 9130,
    "true_negatives": 9754,
    "false_positives": 2763,
    "false_negatives": 3353,
    "positive_samples": 12483,
    "negative_samples": 12517,
    "predicted_positive": 11893,
    "predicted_negative": 13107
  },
  "avg_epoch_time": 1.8129056692123413,
  "total_training_time": 20.021048307418823,
  "model_path": "../results/exp_015_rnn_relu_rmsprop_50_False_model.pth"
}