{
  "experiment_name": "exp_091_lstm_tanh_adam_25_False",
  "config": {
    "embedding_dim": 100,
    "hidden_dim": 64,
    "num_layers": 2,
    "dropout": 0.3,
    "batch_size": 32,
    "epochs": 20,
    "learning_rate": 0.001,
    "patience": 5,
    "min_delta": 0.001,
    "clip_value": 1.0,
    "experiment_name": "exp_091_lstm_tanh_adam_25_False",
    "architecture": "lstm",
    "activation": "tanh",
    "optimizer": "adam",
    "sequence_length": 25,
    "gradient_clipping": false
  },
  "test_metrics": {
    "accuracy": 0.69684,
    "f1_score": 0.6967874879591747,
    "f1_weighted": 0.6967820611829192,
    "precision": 0.6970181090100367,
    "recall": 0.69684,
    "roc_auc": 0.7697205756751766,
    "loss": 0.7041958474251621,
    "avg_inference_time": 0.0002781009430165791,
    "total_inference_time": 0.21747493743896484,
    "num_samples": 25000,
    "num_batches": 782,
    "confusion_matrix": [
      [
        8546,
        3971
      ],
      [
        3608,
        8875
      ]
    ],
    "classification_report": {
      "Negative": {
        "precision": 0.7031429981898963,
        "recall": 0.6827514580170968,
        "f1-score": 0.6927972113007175,
        "support": 12517.0
      },
      "Positive": {
        "precision": 0.6908765374435621,
        "recall": 0.710966915004406,
        "f1-score": 0.700777764617632,
        "support": 12483.0
      },
      "accuracy": 0.69684,
      "macro avg": {
        "precision": 0.6970097678167293,
        "recall": 0.6968591865107514,
        "f1-score": 0.6967874879591747,
        "support": 25000.0
      },
      "weighted avg": {
        "precision": 0.6970181090100367,
        "recall": 0.69684,
        "f1-score": 0.6967820611829192,
        "support": 25000.0
      }
    },
    "true_positives": 8875,
    "true_negatives": 8546,
    "false_positives": 3971,
    "false_negatives": 3608,
    "positive_samples": 12483,
    "negative_samples": 12517,
    "predicted_positive": 12846,
    "predicted_negative": 12154
  },
  "avg_epoch_time": 1.7978752454121907,
  "total_training_time": 14.747628211975098,
  "model_path": "../results/exp_091_lstm_tanh_adam_25_False_model.pth"
}