{
  "experiment_name": "exp_142_bilstm_sigmoid_rmsprop_50_True",
  "config": {
    "embedding_dim": 100,
    "hidden_dim": 64,
    "num_layers": 2,
    "dropout": 0.3,
    "batch_size": 32,
    "epochs": 20,
    "learning_rate": 0.001,
    "patience": 5,
    "min_delta": 0.001,
    "clip_value": 1.0,
    "experiment_name": "exp_142_bilstm_sigmoid_rmsprop_50_True",
    "architecture": "bilstm",
    "activation": "sigmoid",
    "optimizer": "rmsprop",
    "sequence_length": 50,
    "gradient_clipping": true
  },
  "test_metrics": {
    "accuracy": 0.764,
    "f1_score": 0.7639966634792297,
    "f1_weighted": 0.7639978703058913,
    "precision": 0.7640045421243536,
    "recall": 0.764,
    "roc_auc": 0.8409629314450381,
    "loss": 0.6131456402294776,
    "avg_inference_time": 0.0003253288586121386,
    "total_inference_time": 0.2544071674346924,
    "num_samples": 25000,
    "num_batches": 782,
    "confusion_matrix": [
      [
        9597,
        2920
      ],
      [
        2980,
        9503
      ]
    ],
    "classification_report": {
      "Negative": {
        "precision": 0.7630595531525801,
        "recall": 0.7667172645202525,
        "f1-score": 0.7648840360245477,
        "support": 12517.0
      },
      "Positive": {
        "precision": 0.7649521049665943,
        "recall": 0.7612753344548586,
        "f1-score": 0.7631092909339116,
        "support": 12483.0
      },
      "accuracy": 0.764,
      "macro avg": {
        "precision": 0.7640058290595872,
        "recall": 0.7639962994875555,
        "f1-score": 0.7639966634792297,
        "support": 25000.0
      },
      "weighted avg": {
        "precision": 0.7640045421243536,
        "recall": 0.764,
        "f1-score": 0.7639978703058913,
        "support": 25000.0
      }
    },
    "true_positives": 9503,
    "true_negatives": 9597,
    "false_positives": 2920,
    "false_negatives": 2980,
    "positive_samples": 12483,
    "negative_samples": 12517,
    "predicted_positive": 12423,
    "predicted_negative": 12577
  },
  "avg_epoch_time": 2.274480104446411,
  "total_training_time": 27.485629320144653,
  "model_path": "../results/exp_142_bilstm_sigmoid_rmsprop_50_True_model.pth"
}