{
  "experiment_name": "exp_040_rnn_tanh_adam_50_True",
  "config": {
    "embedding_dim": 100,
    "hidden_dim": 64,
    "num_layers": 2,
    "dropout": 0.3,
    "batch_size": 32,
    "epochs": 20,
    "learning_rate": 0.001,
    "patience": 5,
    "min_delta": 0.001,
    "clip_value": 1.0,
    "experiment_name": "exp_040_rnn_tanh_adam_50_True",
    "architecture": "rnn",
    "activation": "tanh",
    "optimizer": "adam",
    "sequence_length": 50,
    "gradient_clipping": true
  },
  "test_metrics": {
    "accuracy": 0.70076,
    "f1_score": 0.7007406553971499,
    "f1_weighted": 0.7007439276185277,
    "precision": 0.7007904030886846,
    "recall": 0.70076,
    "roc_auc": 0.7622115665865135,
    "loss": 0.7526681168419321,
    "avg_inference_time": 0.00026162048739850367,
    "total_inference_time": 0.20458722114562988,
    "num_samples": 25000,
    "num_batches": 782,
    "confusion_matrix": [
      [
        8860,
        3657
      ],
      [
        3824,
        8659
      ]
    ],
    "classification_report": {
      "Negative": {
        "precision": 0.6985178177231157,
        "recall": 0.7078373412159463,
        "f1-score": 0.7031467005277569,
        "support": 12517.0
      },
      "Positive": {
        "precision": 0.7030691783046443,
        "recall": 0.6936633821997917,
        "f1-score": 0.698334610266543,
        "support": 12483.0
      },
      "accuracy": 0.70076,
      "macro avg": {
        "precision": 0.70079349801388,
        "recall": 0.700750361707869,
        "f1-score": 0.7007406553971499,
        "support": 25000.0
      },
      "weighted avg": {
        "precision": 0.7007904030886846,
        "recall": 0.70076,
        "f1-score": 0.7007439276185277,
        "support": 25000.0
      }
    },
    "true_positives": 8659,
    "true_negatives": 8860,
    "false_positives": 3657,
    "false_negatives": 3824,
    "positive_samples": 12483,
    "negative_samples": 12517,
    "predicted_positive": 12316,
    "predicted_negative": 12684
  },
  "avg_epoch_time": 1.8298625264848982,
  "total_training_time": 17.155437707901,
  "model_path": "../results/exp_040_rnn_tanh_adam_50_True_model.pth"
}