{
  "experiment_name": "exp_035_rnn_sigmoid_rmsprop_100_False",
  "config": {
    "embedding_dim": 100,
    "hidden_dim": 64,
    "num_layers": 2,
    "dropout": 0.3,
    "batch_size": 32,
    "epochs": 20,
    "learning_rate": 0.001,
    "patience": 5,
    "min_delta": 0.001,
    "clip_value": 1.0,
    "experiment_name": "exp_035_rnn_sigmoid_rmsprop_100_False",
    "architecture": "rnn",
    "activation": "sigmoid",
    "optimizer": "rmsprop",
    "sequence_length": 100,
    "gradient_clipping": false
  },
  "test_metrics": {
    "accuracy": 0.81352,
    "f1_score": 0.8124112502414993,
    "f1_weighted": 0.8123916365621087,
    "precision": 0.8214267878659989,
    "recall": 0.81352,
    "roc_auc": 0.8996691232280103,
    "loss": 0.48894131880091585,
    "avg_inference_time": 0.00030218792693389345,
    "total_inference_time": 0.2363109588623047,
    "num_samples": 25000,
    "num_batches": 782,
    "confusion_matrix": [
      [
        9208,
        3309
      ],
      [
        1353,
        11130
      ]
    ],
    "classification_report": {
      "Negative": {
        "precision": 0.8718871319003882,
        "recall": 0.7356395302388752,
        "f1-score": 0.7979894271600658,
        "support": 12517.0
      },
      "Positive": {
        "precision": 0.7708290047787243,
        "recall": 0.8916125931266522,
        "f1-score": 0.8268330733229329,
        "support": 12483.0
      },
      "accuracy": 0.81352,
      "macro avg": {
        "precision": 0.8213580683395563,
        "recall": 0.8136260616827637,
        "f1-score": 0.8124112502414993,
        "support": 25000.0
      },
      "weighted avg": {
        "precision": 0.8214267878659989,
        "recall": 0.81352,
        "f1-score": 0.8123916365621087,
        "support": 25000.0
      }
    },
    "true_positives": 11130,
    "true_negatives": 9208,
    "false_positives": 3309,
    "false_negatives": 1353,
    "positive_samples": 12483,
    "negative_samples": 12517,
    "predicted_positive": 14439,
    "predicted_negative": 10561
  },
  "avg_epoch_time": 2.0397176925952616,
  "total_training_time": 36.42164134979248,
  "model_path": "../results/exp_035_rnn_sigmoid_rmsprop_100_False_model.pth"
}