{
  "experiment_name": "exp_161_bilstm_tanh_rmsprop_100_False",
  "config": {
    "embedding_dim": 100,
    "hidden_dim": 64,
    "num_layers": 2,
    "dropout": 0.3,
    "batch_size": 32,
    "epochs": 20,
    "learning_rate": 0.001,
    "patience": 5,
    "min_delta": 0.001,
    "clip_value": 1.0,
    "experiment_name": "exp_161_bilstm_tanh_rmsprop_100_False",
    "architecture": "bilstm",
    "activation": "tanh",
    "optimizer": "rmsprop",
    "sequence_length": 100,
    "gradient_clipping": false
  },
  "test_metrics": {
    "accuracy": 0.821,
    "f1_score": 0.8209888844121842,
    "f1_weighted": 0.8209908028385078,
    "precision": 0.8210514195583595,
    "recall": 0.821,
    "roc_auc": 0.9017953895607526,
    "loss": 0.47050377230167084,
    "avg_inference_time": 0.0003276099939175579,
    "total_inference_time": 0.2561910152435303,
    "num_samples": 25000,
    "num_batches": 782,
    "confusion_matrix": [
      [
        10361,
        2156
      ],
      [
        2319,
        10164
      ]
    ],
    "classification_report": {
      "Negative": {
        "precision": 0.8171135646687697,
        "recall": 0.8277542542142686,
        "f1-score": 0.8223994920030162,
        "support": 12517.0
      },
      "Positive": {
        "precision": 0.825,
        "recall": 0.814227349194905,
        "f1-score": 0.8195782768213522,
        "support": 12483.0
      },
      "accuracy": 0.821,
      "macro avg": {
        "precision": 0.8210567823343848,
        "recall": 0.8209908017045868,
        "f1-score": 0.8209888844121842,
        "support": 25000.0
      },
      "weighted avg": {
        "precision": 0.8210514195583595,
        "recall": 0.821,
        "f1-score": 0.8209908028385078,
        "support": 25000.0
      }
    },
    "true_positives": 10164,
    "true_negatives": 10361,
    "false_positives": 2156,
    "false_negatives": 2319,
    "positive_samples": 12483,
    "negative_samples": 12517,
    "predicted_positive": 12320,
    "predicted_negative": 12680
  },
  "avg_epoch_time": 2.4253446757793427,
  "total_training_time": 26.112802505493164,
  "model_path": "../results/exp_161_bilstm_tanh_rmsprop_100_False_model.pth"
}