{
  "experiment_name": "exp_018_rnn_relu_rmsprop_100_True",
  "config": {
    "embedding_dim": 100,
    "hidden_dim": 64,
    "num_layers": 2,
    "dropout": 0.3,
    "batch_size": 32,
    "epochs": 20,
    "learning_rate": 0.001,
    "patience": 5,
    "min_delta": 0.001,
    "clip_value": 1.0,
    "experiment_name": "exp_018_rnn_relu_rmsprop_100_True",
    "architecture": "rnn",
    "activation": "relu",
    "optimizer": "rmsprop",
    "sequence_length": 100,
    "gradient_clipping": true
  },
  "test_metrics": {
    "accuracy": 0.81608,
    "f1_score": 0.815739936702765,
    "f1_weighted": 0.8157507022075192,
    "precision": 0.8182627784282637,
    "recall": 0.81608,
    "roc_auc": 0.8890141339205421,
    "loss": 0.49793177211414213,
    "avg_inference_time": 0.0002934896122769017,
    "total_inference_time": 0.2295088768005371,
    "num_samples": 25000,
    "num_batches": 782,
    "confusion_matrix": [
      [
        10738,
        1779
      ],
      [
        2819,
        9664
      ]
    ],
    "classification_report": {
      "Negative": {
        "precision": 0.7920631408128642,
        "recall": 0.8578732923224415,
        "f1-score": 0.8236557490220142,
        "support": 12517.0
      },
      "Positive": {
        "precision": 0.8445337761076641,
        "recall": 0.7741728751101498,
        "f1-score": 0.8078241243835158,
        "support": 12483.0
      },
      "accuracy": 0.81608,
      "macro avg": {
        "precision": 0.8182984584602642,
        "recall": 0.8160230837162956,
        "f1-score": 0.815739936702765,
        "support": 25000.0
      },
      "weighted avg": {
        "precision": 0.8182627784282637,
        "recall": 0.81608,
        "f1-score": 0.8157507022075192,
        "support": 25000.0
      }
    },
    "true_positives": 9664,
    "true_negatives": 10738,
    "false_positives": 1779,
    "false_negatives": 2819,
    "positive_samples": 12483,
    "negative_samples": 12517,
    "predicted_positive": 11443,
    "predicted_negative": 13557
  },
  "avg_epoch_time": 2.22345170378685,
  "total_training_time": 23.96262240409851,
  "model_path": "../results/exp_018_rnn_relu_rmsprop_100_True_model.pth"
}