{
  "experiment_name": "exp_008_rnn_relu_sgd_25_True",
  "config": {
    "embedding_dim": 100,
    "hidden_dim": 64,
    "num_layers": 2,
    "dropout": 0.3,
    "batch_size": 32,
    "epochs": 20,
    "learning_rate": 0.001,
    "patience": 5,
    "min_delta": 0.001,
    "clip_value": 1.0,
    "experiment_name": "exp_008_rnn_relu_sgd_25_True",
    "architecture": "rnn",
    "activation": "relu",
    "optimizer": "sgd",
    "sequence_length": 25,
    "gradient_clipping": true
  },
  "test_metrics": {
    "accuracy": 0.4994,
    "f1_score": 0.3357454472863415,
    "f1_weighted": 0.33529704251623393,
    "precision": 0.5064454324259267,
    "recall": 0.4994,
    "roc_auc": 0.5282059753697721,
    "loss": 0.6931166813501617,
    "avg_inference_time": 0.0002874672565313861,
    "total_inference_time": 0.22479939460754395,
    "num_samples": 25000,
    "num_batches": 782,
    "confusion_matrix": [
      [
        38,
        12479
      ],
      [
        36,
        12447
      ]
    ],
    "classification_report": {
      "Negative": {
        "precision": 0.5135135135135135,
        "recall": 0.0030358712151473993,
        "f1-score": 0.006036057501389882,
        "support": 12517.0
      },
      "Positive": {
        "precision": 0.4993580999759287,
        "recall": 0.9971160778658976,
        "f1-score": 0.665454837071293,
        "support": 12483.0
      },
      "accuracy": 0.4994,
      "macro avg": {
        "precision": 0.5064358067447211,
        "recall": 0.5000759745405225,
        "f1-score": 0.3357454472863415,
        "support": 25000.0
      },
      "weighted avg": {
        "precision": 0.5064454324259267,
        "recall": 0.4994,
        "f1-score": 0.33529704251623393,
        "support": 25000.0
      }
    },
    "true_positives": 12447,
    "true_negatives": 38,
    "false_positives": 12479,
    "false_negatives": 36,
    "positive_samples": 12483,
    "negative_samples": 12517,
    "predicted_positive": 24926,
    "predicted_negative": 74
  },
  "avg_epoch_time": 1.8327516317367554,
  "total_training_time": 14.976853370666504,
  "model_path": "../results/exp_008_rnn_relu_sgd_25_True_model.pth"
}