{
  "experiment_name": "exp_144_bilstm_sigmoid_rmsprop_100_True",
  "config": {
    "embedding_dim": 100,
    "hidden_dim": 64,
    "num_layers": 2,
    "dropout": 0.3,
    "batch_size": 32,
    "epochs": 20,
    "learning_rate": 0.001,
    "patience": 5,
    "min_delta": 0.001,
    "clip_value": 1.0,
    "experiment_name": "exp_144_bilstm_sigmoid_rmsprop_100_True",
    "architecture": "bilstm",
    "activation": "sigmoid",
    "optimizer": "rmsprop",
    "sequence_length": 100,
    "gradient_clipping": true
  },
  "test_metrics": {
    "accuracy": 0.81176,
    "f1_score": 0.8117588422415833,
    "f1_weighted": 0.8117582073418063,
    "precision": 0.8117803552952153,
    "recall": 0.81176,
    "roc_auc": 0.8799035986696961,
    "loss": 0.5845547226421973,
    "avg_inference_time": 0.0003310106599422367,
    "total_inference_time": 0.2588503360748291,
    "num_samples": 25000,
    "num_batches": 782,
    "confusion_matrix": [
      [
        10116,
        2401
      ],
      [
        2305,
        10178
      ]
    ],
    "classification_report": {
      "Negative": {
        "precision": 0.8144271797761855,
        "recall": 0.8081808740113445,
        "f1-score": 0.8112920041703424,
        "support": 12517.0
      },
      "Positive": {
        "precision": 0.8091263216471898,
        "recall": 0.8153488744692782,
        "f1-score": 0.8122256803128242,
        "support": 12483.0
      },
      "accuracy": 0.81176,
      "macro avg": {
        "precision": 0.8117767507116876,
        "recall": 0.8117648742403114,
        "f1-score": 0.8117588422415833,
        "support": 25000.0
      },
      "weighted avg": {
        "precision": 0.8117803552952153,
        "recall": 0.81176,
        "f1-score": 0.8117582073418063,
        "support": 25000.0
      }
    },
    "true_positives": 10178,
    "true_negatives": 10116,
    "false_positives": 2401,
    "false_negatives": 2305,
    "positive_samples": 12483,
    "negative_samples": 12517,
    "predicted_positive": 12579,
    "predicted_negative": 12421
  },
  "avg_epoch_time": 2.631855379451405,
  "total_training_time": 38.344109296798706,
  "model_path": "../results/exp_144_bilstm_sigmoid_rmsprop_100_True_model.pth"
}