{
  "experiment_name": "exp_130_bilstm_sigmoid_adam_50_True",
  "config": {
    "embedding_dim": 100,
    "hidden_dim": 64,
    "num_layers": 2,
    "dropout": 0.3,
    "batch_size": 32,
    "epochs": 20,
    "learning_rate": 0.001,
    "patience": 5,
    "min_delta": 0.001,
    "clip_value": 1.0,
    "experiment_name": "exp_130_bilstm_sigmoid_adam_50_True",
    "architecture": "bilstm",
    "activation": "sigmoid",
    "optimizer": "adam",
    "sequence_length": 50,
    "gradient_clipping": true
  },
  "test_metrics": {
    "accuracy": 0.75476,
    "f1_score": 0.7547332674958642,
    "f1_weighted": 0.7547367498910389,
    "precision": 0.7548379890562332,
    "recall": 0.75476,
    "roc_auc": 0.8291876680655108,
    "loss": 0.6494153968494414,
    "avg_inference_time": 0.00032609746889080234,
    "total_inference_time": 0.2550082206726074,
    "num_samples": 25000,
    "num_batches": 782,
    "confusion_matrix": [
      [
        9565,
        2952
      ],
      [
        3179,
        9304
      ]
    ],
    "classification_report": {
      "Negative": {
        "precision": 0.750549278091651,
        "recall": 0.7641607413917073,
        "f1-score": 0.7572938521832073,
        "support": 12517.0
      },
      "Positive": {
        "precision": 0.7591383812010444,
        "recall": 0.745333653769126,
        "f1-score": 0.752172682808521,
        "support": 12483.0
      },
      "accuracy": 0.75476,
      "macro avg": {
        "precision": 0.7548438296463477,
        "recall": 0.7547471975804166,
        "f1-score": 0.7547332674958642,
        "support": 25000.0
      },
      "weighted avg": {
        "precision": 0.7548379890562332,
        "recall": 0.75476,
        "f1-score": 0.7547367498910389,
        "support": 25000.0
      }
    },
    "true_positives": 9304,
    "true_negatives": 9565,
    "false_positives": 2952,
    "false_negatives": 3179,
    "positive_samples": 12483,
    "negative_samples": 12517,
    "predicted_positive": 12256,
    "predicted_negative": 12744
  },
  "avg_epoch_time": 2.330165836546156,
  "total_training_time": 27.996575117111206,
  "model_path": "../results/exp_130_bilstm_sigmoid_adam_50_True_model.pth"
}