{
  "experiment_name": "exp_053_rnn_tanh_rmsprop_100_False",
  "config": {
    "embedding_dim": 100,
    "hidden_dim": 64,
    "num_layers": 2,
    "dropout": 0.3,
    "batch_size": 32,
    "epochs": 20,
    "learning_rate": 0.001,
    "patience": 5,
    "min_delta": 0.001,
    "clip_value": 1.0,
    "experiment_name": "exp_053_rnn_tanh_rmsprop_100_False",
    "architecture": "rnn",
    "activation": "tanh",
    "optimizer": "rmsprop",
    "sequence_length": 100,
    "gradient_clipping": false
  },
  "test_metrics": {
    "accuracy": 0.69716,
    "f1_score": 0.6971468077149441,
    "f1_weighted": 0.6971440893046902,
    "precision": 0.6972165383273957,
    "recall": 0.69716,
    "roc_auc": 0.7350870812170655,
    "loss": 0.6327398814966002,
    "avg_inference_time": 0.00028019548986878845,
    "total_inference_time": 0.21911287307739258,
    "num_samples": 25000,
    "num_batches": 782,
    "confusion_matrix": [
      [
        8632,
        3885
      ],
      [
        3686,
        8797
      ]
    ],
    "classification_report": {
      "Negative": {
        "precision": 0.7007631108946257,
        "recall": 0.6896221139250619,
        "f1-score": 0.6951479766458627,
        "support": 12517.0
      },
      "Positive": {
        "precision": 0.6936603059454345,
        "recall": 0.7047184170471842,
        "f1-score": 0.6991456387840255,
        "support": 12483.0
      },
      "accuracy": 0.69716,
      "macro avg": {
        "precision": 0.6972117084200301,
        "recall": 0.697170265486123,
        "f1-score": 0.6971468077149441,
        "support": 25000.0
      },
      "weighted avg": {
        "precision": 0.6972165383273957,
        "recall": 0.69716,
        "f1-score": 0.6971440893046902,
        "support": 25000.0
      }
    },
    "true_positives": 8797,
    "true_negatives": 8632,
    "false_positives": 3885,
    "false_negatives": 3686,
    "positive_samples": 12483,
    "negative_samples": 12517,
    "predicted_positive": 12682,
    "predicted_negative": 12318
  },
  "avg_epoch_time": 1.9130505800247193,
  "total_training_time": 25.904472827911377,
  "model_path": "../results/exp_053_rnn_tanh_rmsprop_100_False_model.pth"
}