{
  "experiment_name": "exp_150_bilstm_tanh_adam_100_True",
  "config": {
    "embedding_dim": 100,
    "hidden_dim": 64,
    "num_layers": 2,
    "dropout": 0.3,
    "batch_size": 32,
    "epochs": 20,
    "learning_rate": 0.001,
    "patience": 5,
    "min_delta": 0.001,
    "clip_value": 1.0,
    "experiment_name": "exp_150_bilstm_tanh_adam_100_True",
    "architecture": "bilstm",
    "activation": "tanh",
    "optimizer": "adam",
    "sequence_length": 100,
    "gradient_clipping": true
  },
  "test_metrics": {
    "accuracy": 0.79712,
    "f1_score": 0.7962193730976364,
    "f1_weighted": 0.7962377974747004,
    "precision": 0.8022121385042948,
    "recall": 0.79712,
    "roc_auc": 0.8721572259420051,
    "loss": 0.5993996427473053,
    "avg_inference_time": 0.0003257733781624328,
    "total_inference_time": 0.25475478172302246,
    "num_samples": 25000,
    "num_batches": 782,
    "confusion_matrix": [
      [
        10795,
        1722
      ],
      [
        3350,
        9133
      ]
    ],
    "classification_report": {
      "Negative": {
        "precision": 0.7631671968893602,
        "recall": 0.8624270991451626,
        "f1-score": 0.8097667091741054,
        "support": 12517.0
      },
      "Positive": {
        "precision": 0.8413634269921695,
        "recall": 0.7316350236321397,
        "f1-score": 0.7826720370211672,
        "support": 12483.0
      },
      "accuracy": 0.79712,
      "macro avg": {
        "precision": 0.8022653119407648,
        "recall": 0.7970310613886511,
        "f1-score": 0.7962193730976364,
        "support": 25000.0
      },
      "weighted avg": {
        "precision": 0.8022121385042948,
        "recall": 0.79712,
        "f1-score": 0.7962377974747004,
        "support": 25000.0
      }
    },
    "true_positives": 9133,
    "true_negatives": 10795,
    "false_positives": 1722,
    "false_negatives": 3350,
    "positive_samples": 12483,
    "negative_samples": 12517,
    "predicted_positive": 10855,
    "predicted_negative": 14145
  },
  "avg_epoch_time": 2.6753901413508823,
  "total_training_time": 24.6920485496521,
  "model_path": "../results/exp_150_bilstm_tanh_adam_100_True_model.pth"
}