{
  "experiment_name": "exp_068_lstm_relu_rmsprop_25_True",
  "config": {
    "embedding_dim": 100,
    "hidden_dim": 64,
    "num_layers": 2,
    "dropout": 0.3,
    "batch_size": 32,
    "epochs": 20,
    "learning_rate": 0.001,
    "patience": 5,
    "min_delta": 0.001,
    "clip_value": 1.0,
    "experiment_name": "exp_068_lstm_relu_rmsprop_25_True",
    "architecture": "lstm",
    "activation": "relu",
    "optimizer": "rmsprop",
    "sequence_length": 25,
    "gradient_clipping": true
  },
  "test_metrics": {
    "accuracy": 0.70132,
    "f1_score": 0.7013136797974645,
    "f1_weighted": 0.7013118112158452,
    "precision": 0.7013534505254525,
    "recall": 0.70132,
    "roc_auc": 0.7785764992550931,
    "loss": 0.6756737113303846,
    "avg_inference_time": 0.0002890535632667639,
    "total_inference_time": 0.22603988647460938,
    "num_samples": 25000,
    "num_batches": 782,
    "confusion_matrix": [
      [
        8709,
        3808
      ],
      [
        3659,
        8824
      ]
    ],
    "classification_report": {
      "Negative": {
        "precision": 0.7041558861578266,
        "recall": 0.6957737477031237,
        "f1-score": 0.6999397227245329,
        "support": 12517.0
      },
      "Positive": {
        "precision": 0.6985433818872704,
        "recall": 0.7068813586477609,
        "f1-score": 0.7026876368703961,
        "support": 12483.0
      },
      "accuracy": 0.70132,
      "macro avg": {
        "precision": 0.7013496340225485,
        "recall": 0.7013275531754424,
        "f1-score": 0.7013136797974645,
        "support": 25000.0
      },
      "weighted avg": {
        "precision": 0.7013534505254525,
        "recall": 0.70132,
        "f1-score": 0.7013118112158452,
        "support": 25000.0
      }
    },
    "true_positives": 8824,
    "true_negatives": 8709,
    "false_positives": 3808,
    "false_negatives": 3659,
    "positive_samples": 12483,
    "negative_samples": 12517,
    "predicted_positive": 12632,
    "predicted_negative": 12368
  },
  "avg_epoch_time": 1.9147750650133406,
  "total_training_time": 18.039138317108154,
  "model_path": "../results/exp_068_lstm_relu_rmsprop_25_True_model.pth"
}