{
  "experiment_name": "exp_056_lstm_relu_adam_25_True",
  "config": {
    "embedding_dim": 100,
    "hidden_dim": 64,
    "num_layers": 2,
    "dropout": 0.3,
    "batch_size": 32,
    "epochs": 20,
    "learning_rate": 0.001,
    "patience": 5,
    "min_delta": 0.001,
    "clip_value": 1.0,
    "experiment_name": "exp_056_lstm_relu_adam_25_True",
    "architecture": "lstm",
    "activation": "relu",
    "optimizer": "adam",
    "sequence_length": 25,
    "gradient_clipping": true
  },
  "test_metrics": {
    "accuracy": 0.70004,
    "f1_score": 0.6996854457542377,
    "f1_weighted": 0.6996994793332318,
    "precision": 0.7008882988759314,
    "recall": 0.70004,
    "roc_auc": 0.774667180024416,
    "loss": 0.7209022994846335,
    "avg_inference_time": 0.0002866776093192722,
    "total_inference_time": 0.2241818904876709,
    "num_samples": 25000,
    "num_batches": 782,
    "confusion_matrix": [
      [
        9180,
        3337
      ],
      [
        4162,
        8321
      ]
    ],
    "classification_report": {
      "Negative": {
        "precision": 0.6880527657022935,
        "recall": 0.7334025725013981,
        "f1-score": 0.7100042538381222,
        "support": 12517.0
      },
      "Positive": {
        "precision": 0.7137587922456682,
        "recall": 0.6665865577184972,
        "f1-score": 0.6893666376703533,
        "support": 12483.0
      },
      "accuracy": 0.70004,
      "macro avg": {
        "precision": 0.7009057789739808,
        "recall": 0.6999945651099476,
        "f1-score": 0.6996854457542377,
        "support": 25000.0
      },
      "weighted avg": {
        "precision": 0.7008882988759314,
        "recall": 0.70004,
        "f1-score": 0.6996994793332318,
        "support": 25000.0
      }
    },
    "true_positives": 8321,
    "true_negatives": 9180,
    "false_positives": 3337,
    "false_negatives": 4162,
    "positive_samples": 12483,
    "negative_samples": 12517,
    "predicted_positive": 11658,
    "predicted_negative": 13342
  },
  "avg_epoch_time": 1.940751075744629,
  "total_training_time": 15.609616994857788,
  "model_path": "../results/exp_056_lstm_relu_adam_25_True_model.pth"
}