{
  "experiment_name": "exp_141_bilstm_sigmoid_rmsprop_50_False",
  "config": {
    "embedding_dim": 100,
    "hidden_dim": 64,
    "num_layers": 2,
    "dropout": 0.3,
    "batch_size": 32,
    "epochs": 20,
    "learning_rate": 0.001,
    "patience": 5,
    "min_delta": 0.001,
    "clip_value": 1.0,
    "experiment_name": "exp_141_bilstm_sigmoid_rmsprop_50_False",
    "architecture": "bilstm",
    "activation": "sigmoid",
    "optimizer": "rmsprop",
    "sequence_length": 50,
    "gradient_clipping": false
  },
  "test_metrics": {
    "accuracy": 0.76668,
    "f1_score": 0.7666099871037954,
    "f1_weighted": 0.7666154846522271,
    "precision": 0.7669418779691125,
    "recall": 0.76668,
    "roc_auc": 0.8422744250707765,
    "loss": 0.5462415173383015,
    "avg_inference_time": 0.000322573934979451,
    "total_inference_time": 0.25225281715393066,
    "num_samples": 25000,
    "num_batches": 782,
    "confusion_matrix": [
      [
        9800,
        2717
      ],
      [
        3116,
        9367
      ]
    ],
    "classification_report": {
      "Negative": {
        "precision": 0.7587488386497367,
        "recall": 0.7829352081169609,
        "f1-score": 0.7706523021271576,
        "support": 12517.0
      },
      "Positive": {
        "precision": 0.7751572327044025,
        "recall": 0.7503805175038052,
        "f1-score": 0.7625676720804331,
        "support": 12483.0
      },
      "accuracy": 0.76668,
      "macro avg": {
        "precision": 0.7669530356770696,
        "recall": 0.7666578628103831,
        "f1-score": 0.7666099871037954,
        "support": 25000.0
      },
      "weighted avg": {
        "precision": 0.7669418779691125,
        "recall": 0.76668,
        "f1-score": 0.7666154846522271,
        "support": 25000.0
      }
    },
    "true_positives": 9367,
    "true_negatives": 9800,
    "false_positives": 2717,
    "false_negatives": 3116,
    "positive_samples": 12483,
    "negative_samples": 12517,
    "predicted_positive": 12084,
    "predicted_negative": 12916
  },
  "avg_epoch_time": 2.045274954575759,
  "total_training_time": 36.413912773132324,
  "model_path": "../results/exp_141_bilstm_sigmoid_rmsprop_50_False_model.pth"
}