{
  "experiment_name": "exp_048_rnn_tanh_sgd_100_True",
  "config": {
    "embedding_dim": 100,
    "hidden_dim": 64,
    "num_layers": 2,
    "dropout": 0.3,
    "batch_size": 32,
    "epochs": 20,
    "learning_rate": 0.001,
    "patience": 5,
    "min_delta": 0.001,
    "clip_value": 1.0,
    "experiment_name": "exp_048_rnn_tanh_sgd_100_True",
    "architecture": "rnn",
    "activation": "tanh",
    "optimizer": "sgd",
    "sequence_length": 100,
    "gradient_clipping": true
  },
  "test_metrics": {
    "accuracy": 0.60664,
    "f1_score": 0.5451493909601223,
    "f1_weighted": 0.5453768366419496,
    "precision": 0.729889933498105,
    "recall": 0.60664,
    "roc_auc": 0.8208962255296587,
    "loss": 0.704348695400121,
    "avg_inference_time": 0.000270248678943995,
    "total_inference_time": 0.2113344669342041,
    "num_samples": 25000,
    "num_batches": 782,
    "confusion_matrix": [
      [
        12179,
        338
      ],
      [
        9496,
        2987
      ]
    ],
    "classification_report": {
      "Negative": {
        "precision": 0.5618915801614763,
        "recall": 0.9729967244547415,
        "f1-score": 0.7123888628919045,
        "support": 12517.0
      },
      "Positive": {
        "precision": 0.8983458646616541,
        "recall": 0.23928542818232795,
        "f1-score": 0.3779099190283401,
        "support": 12483.0
      },
      "accuracy": 0.60664,
      "macro avg": {
        "precision": 0.7301187224115653,
        "recall": 0.6061410763185348,
        "f1-score": 0.5451493909601223,
        "support": 25000.0
      },
      "weighted avg": {
        "precision": 0.729889933498105,
        "recall": 0.60664,
        "f1-score": 0.5453768366419496,
        "support": 25000.0
      }
    },
    "true_positives": 2987,
    "true_negatives": 12179,
    "false_positives": 338,
    "false_negatives": 9496,
    "positive_samples": 12483,
    "negative_samples": 12517,
    "predicted_positive": 3325,
    "predicted_negative": 21675
  },
  "avg_epoch_time": 1.9763118823369343,
  "total_training_time": 31.942123651504517,
  "model_path": "../results/exp_048_rnn_tanh_sgd_100_True_model.pth"
}