{
  "experiment_name": "exp_046_rnn_tanh_sgd_50_True",
  "config": {
    "embedding_dim": 100,
    "hidden_dim": 64,
    "num_layers": 2,
    "dropout": 0.3,
    "batch_size": 32,
    "epochs": 20,
    "learning_rate": 0.001,
    "patience": 5,
    "min_delta": 0.001,
    "clip_value": 1.0,
    "experiment_name": "exp_046_rnn_tanh_sgd_50_True",
    "architecture": "rnn",
    "activation": "tanh",
    "optimizer": "sgd",
    "sequence_length": 50,
    "gradient_clipping": true
  },
  "test_metrics": {
    "accuracy": 0.72532,
    "f1_score": 0.7239658866117078,
    "f1_weighted": 0.7239395931478575,
    "precision": 0.7300629178107055,
    "recall": 0.72532,
    "roc_auc": 0.8058428600869539,
    "loss": 0.5409146665459703,
    "avg_inference_time": 0.0002619555539182385,
    "total_inference_time": 0.2048492431640625,
    "num_samples": 25000,
    "num_batches": 782,
    "confusion_matrix": [
      [
        8191,
        4326
      ],
      [
        2541,
        9942
      ]
    ],
    "classification_report": {
      "Negative": {
        "precision": 0.7632314573238912,
        "recall": 0.6543900295597986,
        "f1-score": 0.7046324573099918,
        "support": 12517.0
      },
      "Positive": {
        "precision": 0.6968040370058873,
        "recall": 0.7964431627012737,
        "f1-score": 0.7432993159134238,
        "support": 12483.0
      },
      "accuracy": 0.72532,
      "macro avg": {
        "precision": 0.7300177471648892,
        "recall": 0.7254165961305361,
        "f1-score": 0.7239658866117078,
        "support": 25000.0
      },
      "weighted avg": {
        "precision": 0.7300629178107055,
        "recall": 0.72532,
        "f1-score": 0.7239395931478575,
        "support": 25000.0
      }
    },
    "true_positives": 9942,
    "true_negatives": 8191,
    "false_positives": 4326,
    "false_negatives": 2541,
    "positive_samples": 12483,
    "negative_samples": 12517,
    "predicted_positive": 14268,
    "predicted_negative": 10732
  },
  "avg_epoch_time": 1.7070876359939575,
  "total_training_time": 46.830984592437744,
  "model_path": "../results/exp_046_rnn_tanh_sgd_50_True_model.pth"
}