{
  "experiment_name": "exp_030_rnn_sigmoid_sgd_100_True",
  "config": {
    "embedding_dim": 100,
    "hidden_dim": 64,
    "num_layers": 2,
    "dropout": 0.3,
    "batch_size": 32,
    "epochs": 20,
    "learning_rate": 0.001,
    "patience": 5,
    "min_delta": 0.001,
    "clip_value": 1.0,
    "experiment_name": "exp_030_rnn_sigmoid_sgd_100_True",
    "architecture": "rnn",
    "activation": "sigmoid",
    "optimizer": "sgd",
    "sequence_length": 100,
    "gradient_clipping": true
  },
  "test_metrics": {
    "accuracy": 0.49932,
    "f1_score": 0.3330309740415655,
    "f1_weighted": 0.332578051916869,
    "precision": 0.2493204624,
    "recall": 0.49932,
    "roc_auc": 0.48558473493752574,
    "loss": 0.6935836438785123,
    "avg_inference_time": 0.00028705139599187907,
    "total_inference_time": 0.22447419166564941,
    "num_samples": 25000,
    "num_batches": 782,
    "confusion_matrix": [
      [
        0,
        12517
      ],
      [
        0,
        12483
      ]
    ],
    "classification_report": {
      "Negative": {
        "precision": 0.0,
        "recall": 0.0,
        "f1-score": 0.0,
        "support": 12517.0
      },
      "Positive": {
        "precision": 0.49932,
        "recall": 1.0,
        "f1-score": 0.666061948083131,
        "support": 12483.0
      },
      "accuracy": 0.49932,
      "macro avg": {
        "precision": 0.24966,
        "recall": 0.5,
        "f1-score": 0.3330309740415655,
        "support": 25000.0
      },
      "weighted avg": {
        "precision": 0.2493204624,
        "recall": 0.49932,
        "f1-score": 0.332578051916869,
        "support": 25000.0
      }
    },
    "true_positives": 12483,
    "true_negatives": 0,
    "false_positives": 12517,
    "false_negatives": 0,
    "positive_samples": 12483,
    "negative_samples": 12517,
    "predicted_positive": 25000,
    "predicted_negative": 0
  },
  "avg_epoch_time": 2.1516552766164145,
  "total_training_time": 17.564308166503906,
  "model_path": "../results/exp_030_rnn_sigmoid_sgd_100_True_model.pth"
}