{
  "experiment_name": "exp_043_rnn_tanh_sgd_25_False",
  "config": {
    "embedding_dim": 100,
    "hidden_dim": 64,
    "num_layers": 2,
    "dropout": 0.3,
    "batch_size": 32,
    "epochs": 20,
    "learning_rate": 0.001,
    "patience": 5,
    "min_delta": 0.001,
    "clip_value": 1.0,
    "experiment_name": "exp_043_rnn_tanh_sgd_25_False",
    "architecture": "rnn",
    "activation": "tanh",
    "optimizer": "sgd",
    "sequence_length": 25,
    "gradient_clipping": false
  },
  "test_metrics": {
    "accuracy": 0.63248,
    "f1_score": 0.621114089524951,
    "f1_weighted": 0.6212033368589353,
    "precision": 0.6500476998026946,
    "recall": 0.63248,
    "roc_auc": 0.7034643219276098,
    "loss": 0.674651878645353,
    "avg_inference_time": 0.00026409400393590904,
    "total_inference_time": 0.20652151107788086,
    "num_samples": 25000,
    "num_batches": 782,
    "confusion_matrix": [
      [
        10071,
        2446
      ],
      [
        6742,
        5741
      ]
    ],
    "classification_report": {
      "Negative": {
        "precision": 0.5990007732112056,
        "recall": 0.804585763361828,
        "f1-score": 0.6867371292192295,
        "support": 12517.0
      },
      "Positive": {
        "precision": 0.7012336631244657,
        "recall": 0.45990547144115995,
        "f1-score": 0.5554910498306724,
        "support": 12483.0
      },
      "accuracy": 0.63248,
      "macro avg": {
        "precision": 0.6501172181678356,
        "recall": 0.632245617401494,
        "f1-score": 0.621114089524951,
        "support": 25000.0
      },
      "weighted avg": {
        "precision": 0.6500476998026946,
        "recall": 0.63248,
        "f1-score": 0.6212033368589353,
        "support": 25000.0
      }
    },
    "true_positives": 5741,
    "true_negatives": 10071,
    "false_positives": 2446,
    "false_negatives": 6742,
    "positive_samples": 12483,
    "negative_samples": 12517,
    "predicted_positive": 8187,
    "predicted_negative": 16813
  },
  "avg_epoch_time": 1.5564990520477295,
  "total_training_time": 21.7661554813385,
  "model_path": "../results/exp_043_rnn_tanh_sgd_25_False_model.pth"
}