{
  "experiment_name": "exp_016_rnn_relu_rmsprop_50_True",
  "config": {
    "embedding_dim": 100,
    "hidden_dim": 64,
    "num_layers": 2,
    "dropout": 0.3,
    "batch_size": 32,
    "epochs": 20,
    "learning_rate": 0.001,
    "patience": 5,
    "min_delta": 0.001,
    "clip_value": 1.0,
    "experiment_name": "exp_016_rnn_relu_rmsprop_50_True",
    "architecture": "rnn",
    "activation": "relu",
    "optimizer": "rmsprop",
    "sequence_length": 50,
    "gradient_clipping": true
  },
  "test_metrics": {
    "accuracy": 0.75432,
    "f1_score": 0.7536803271209955,
    "f1_weighted": 0.7536973984537163,
    "precision": 0.7568147541206631,
    "recall": 0.75432,
    "roc_auc": 0.8352708409169473,
    "loss": 0.6453094704795981,
    "avg_inference_time": 0.00028629924940026325,
    "total_inference_time": 0.22388601303100586,
    "num_samples": 25000,
    "num_batches": 782,
    "confusion_matrix": [
      [
        10066,
        2451
      ],
      [
        3691,
        8792
      ]
    ],
    "classification_report": {
      "Negative": {
        "precision": 0.731700225339827,
        "recall": 0.8041863066229927,
        "f1-score": 0.7662327776509097,
        "support": 12517.0
      },
      "Positive": {
        "precision": 0.7819976874499689,
        "recall": 0.7043178723063366,
        "f1-score": 0.7411278765910815,
        "support": 12483.0
      },
      "accuracy": 0.75432,
      "macro avg": {
        "precision": 0.7568489563948979,
        "recall": 0.7542520894646647,
        "f1-score": 0.7536803271209955,
        "support": 25000.0
      },
      "weighted avg": {
        "precision": 0.7568147541206631,
        "recall": 0.75432,
        "f1-score": 0.7536973984537163,
        "support": 25000.0
      }
    },
    "true_positives": 8792,
    "true_negatives": 10066,
    "false_positives": 2451,
    "false_negatives": 3691,
    "positive_samples": 12483,
    "negative_samples": 12517,
    "predicted_positive": 11243,
    "predicted_negative": 13757
  },
  "avg_epoch_time": 1.9525192805698939,
  "total_training_time": 18.51112985610962,
  "model_path": "../results/exp_016_rnn_relu_rmsprop_50_True_model.pth"
}