{
  "experiment_name": "exp_095_lstm_tanh_adam_100_False",
  "config": {
    "embedding_dim": 100,
    "hidden_dim": 64,
    "num_layers": 2,
    "dropout": 0.3,
    "batch_size": 32,
    "epochs": 20,
    "learning_rate": 0.001,
    "patience": 5,
    "min_delta": 0.001,
    "clip_value": 1.0,
    "experiment_name": "exp_095_lstm_tanh_adam_100_False",
    "architecture": "lstm",
    "activation": "tanh",
    "optimizer": "adam",
    "sequence_length": 100,
    "gradient_clipping": false
  },
  "test_metrics": {
    "accuracy": 0.81004,
    "f1_score": 0.8100399851071349,
    "f1_weighted": 0.8100399127703611,
    "precision": 0.8100441829233238,
    "recall": 0.81004,
    "roc_auc": 0.8874645374544085,
    "loss": 0.5773520981297469,
    "avg_inference_time": 0.0002880764129521597,
    "total_inference_time": 0.22527575492858887,
    "num_samples": 25000,
    "num_batches": 782,
    "confusion_matrix": [
      [
        10122,
        2395
      ],
      [
        2354,
        10129
      ]
    ],
    "classification_report": {
      "Negative": {
        "precision": 0.8113177300416801,
        "recall": 0.8086602220979467,
        "f1-score": 0.8099867963029649,
        "support": 12517.0
      },
      "Positive": {
        "precision": 0.8087671670392845,
        "recall": 0.8114235360089722,
        "f1-score": 0.8100931739113049,
        "support": 12483.0
      },
      "accuracy": 0.81004,
      "macro avg": {
        "precision": 0.8100424485404822,
        "recall": 0.8100418790534595,
        "f1-score": 0.8100399851071349,
        "support": 25000.0
      },
      "weighted avg": {
        "precision": 0.8100441829233238,
        "recall": 0.81004,
        "f1-score": 0.8100399127703611,
        "support": 25000.0
      }
    },
    "true_positives": 10129,
    "true_negatives": 10122,
    "false_positives": 2395,
    "false_negatives": 2354,
    "positive_samples": 12483,
    "negative_samples": 12517,
    "predicted_positive": 12524,
    "predicted_negative": 12476
  },
  "avg_epoch_time": 2.0800701379776,
  "total_training_time": 34.15246081352234,
  "model_path": "../results/exp_095_lstm_tanh_adam_100_False_model.pth"
}