{
  "experiment_name": "exp_037_rnn_tanh_adam_25_False",
  "config": {
    "embedding_dim": 100,
    "hidden_dim": 64,
    "num_layers": 2,
    "dropout": 0.3,
    "batch_size": 32,
    "epochs": 20,
    "learning_rate": 0.001,
    "patience": 5,
    "min_delta": 0.001,
    "clip_value": 1.0,
    "experiment_name": "exp_037_rnn_tanh_adam_25_False",
    "architecture": "rnn",
    "activation": "tanh",
    "optimizer": "adam",
    "sequence_length": 25,
    "gradient_clipping": false
  },
  "test_metrics": {
    "accuracy": 0.63448,
    "f1_score": 0.6335639097744361,
    "f1_weighted": 0.6335888274285715,
    "precision": 0.6357163083224526,
    "recall": 0.63448,
    "roc_auc": 0.679833686220386,
    "loss": 1.1333640194533732,
    "avg_inference_time": 0.00026835687934895,
    "total_inference_time": 0.2098550796508789,
    "num_samples": 25000,
    "num_batches": 782,
    "confusion_matrix": [
      [
        8556,
        3961
      ],
      [
        5177,
        7306
      ]
    ],
    "classification_report": {
      "Negative": {
        "precision": 0.6230248306997742,
        "recall": 0.6835503714947672,
        "f1-score": 0.6518857142857143,
        "support": 12517.0
      },
      "Positive": {
        "precision": 0.6484423537765155,
        "recall": 0.5852759753264439,
        "f1-score": 0.6152421052631579,
        "support": 12483.0
      },
      "accuracy": 0.63448,
      "macro avg": {
        "precision": 0.6357335922381449,
        "recall": 0.6344131734106055,
        "f1-score": 0.6335639097744361,
        "support": 25000.0
      },
      "weighted avg": {
        "precision": 0.6357163083224526,
        "recall": 0.63448,
        "f1-score": 0.6335888274285715,
        "support": 25000.0
      }
    },
    "true_positives": 7306,
    "true_negatives": 8556,
    "false_positives": 3961,
    "false_negatives": 5177,
    "positive_samples": 12483,
    "negative_samples": 12517,
    "predicted_positive": 11267,
    "predicted_negative": 13733
  },
  "avg_epoch_time": 1.6752947057996477,
  "total_training_time": 15.95419192314148,
  "model_path": "../results/exp_037_rnn_tanh_adam_25_False_model.pth"
}